time_s,trolley_x_m,support_down_m,payload_x_m,payload_down_m,swing_rad,natural_length_m,actual_length_m,extension_m,tension_N,energy_error_J
0,0,0.040875,0.174738984413494,2.03815073117763,0.0872664625997164,2,2.004905,0.00490499999999994,49.0499999999994,0
0.01,1.06856233296529e-05,0.0408745217425936,0.17469624193568,2.03815265841071,0.0872398107116592,2,2.0049027404831,0.00490274048309747,49.0208046171475,-4.58939706438417e-10
0.02,4.27246156271351e-05,0.0408729818077138,0.174568086446971,2.0381589598442,0.087159872186704,2,2.00489660082098,0.00489660082097787,48.9545955996564,-4.58912654348161e-10
0.03,9.60698716464867e-05,0.0408701237757465,0.174354708692183,2.0381709194274,0.0870266974798663,2,2.00488816184701,0.00488816184701424,48.8682399159817,-4.58945948744958e-10
0.04,0.000170653670809573,0.0408656377163849,0.174056385590583,2.03819021138977,0.0868403708810765,2,2.00487947277756,0.00487947277756007,48.7825514812671,-4.58766140372486e-10
0.05,0.00026639711754393,0.040859270642549,0.173673444319555,2.03821849441813,0.0866010109441677,2,2.00487253281118,0.00487253281117939,48.7170593352093,-4.58983672881076e-10
0.06,0.000383218965146356,0.0408509275022984,0.173206228850669,2.03825703046275,0.0863087707034179,2,2.00486880690223,0.00486880690222868,48.6853123501295,-4.59325149225585e-10
0.07,0.000521041814753322,0.0408407371487196,0.172655076966839,2.03830641991327,0.085963837394759,2,2.00486889343912,0.00486889343911612,48.691853728501,-4.5942209390421e-10
0.08,0.000679794415808501,0.0408290672424719,0.172020312850903,2.03836651221925,0.0855664315857961,2,2.00487241921823,0.00487241921822745,48.7315398842751,-4.59285936916953e-10
0.09,0.000859409829399445,0.0408164850741752,0.171302256195526,2.0384365054686,0.0851168057809479,2,2.00487817828366,0.00487817828366222,48.7912756882929,-4.59200927143684e-10
0.1,0.00105982026598608,0.040803674625191,0.170501244584044,2.03851520124505,0.0846152427111739,2,2.00488447045329,0.00488447045329021,48.8536398324174,-4.58430397961081e-10
0.11,0.00128095020297431,0.0407913304617267,0.169617662715998,2.03860134417928,0.0840620536008866,2,2.00488954800254,0.00488954800254238,48.9014302385381,-4.58381448934181e-10
0.12,0.00152270973778587,0.0407800538785068,0.168651970650803,2.03869395762869,0.0834575767044737,2,2.00489205610966,0.00489205610965726,48.9219726987458,-4.58935011072461e-10
0.13,0.00178498997534443,0.0407702751695717,0.167604723869427,2.03879259133581,0.0828021763235848,2,2.00489135866435,0.00489135866435131,48.910139355513,-4.59903314372213e-10
0.14,0.00206766164283006,0.0407622185287287,0.166476580378841,2.03889742209563,0.082096242377249,2,2.00488767373469,0.00488767373468768,48.8693847118283,-4.60573625306251e-10
0.15,0.00237057725178378,0.0407559150252621,0.165268293574937,2.03900918702784,0.0813401904414926,2,2.00488199279965,0.00488199279965107,48.8106218398229,-4.60696075851776e-10
0.16,0.00269357621775795,0.0407512571600956,0.163980693219329,2.0391289711956,0.0805344620471574,2,2.00487581213013,0.00487581213013222,48.7493003256028,-4.62115623734881e-10
0.17,0.00303649163335301,0.0407480786702028,0.162614659742922,2.03925790647143,0.0796795249599484,2,2.00487074983783,0.00487074983782732,48.7014759697224,-4.62849873133901e-10
0.18,0.00339915704435723,0.0407462378837268,0.161171098474037,2.03939685821131,0.078775873182802,2,2.0048681471953,0.00486814719530093,48.6798776959375,-4.62666820084728e-10
0.19,0.00378141166088374,0.0407456830796915,0.159650920059876,2.03954617658068,0.0778240265118626,2,2.00486875292832,0.00486875292831845,48.6909393052204,-4.61443321650001e-10
0.2,0.00418310291096166,0.0407464838323593,0.15805503144836,2.03970557053282,0.0768245296165445,2,2.00487256470185,0.00487256470184727,48.7334864322574,-4.59601048327174e-10
0.21,0.00460408596256131,0.0407488215392595,0.156384338923333,2.03987413024633,0.0757779507619435,2,2.00487886045565,0.00487886045565444,48.799335029949,-4.58463210483481e-10
0.22,0.00504422061083157,0.0407529428790749,0.154639761603073,2.04005048652401,0.0746848804058737,2,2.00488640424076,0.00488640424075504,48.8755772517024,-4.53078939437971e-10
0.23,0.00550336655213026,0.040759089159356,0.152822251312925,2.04023306264484,0.0735459299514657,2,2.00489376886981,0.00489376886981274,48.9479242486172,-4.49216180909134e-10
0.24,0.00598137839335104,0.0407674201253416,0.150932813435687,2.04042035357118,0.0723617309058422,2,2.00489969144578,0.00489969144577662,49.0042424353195,-4.49667744662971e-10
0.25,0.00647810171791317,0.0407779516844395,0.148972523451651,2.04061116338924,0.0711329345946363,2,2.00490337294913,0.00490337294912546,49.0374051463729,-4.52566093216318e-10
0.26,0.00699337116812188,0.0407905229776931,0.146942535327325,2.04080474524031,0.0698602124396185,2,2.00490465055115,0.00490465055114564,49.0467869513939,-4.58889693171621e-10
0.27,0.00752701092767319,0.0408048005850163,0.144844080215769,2.04100081442931,0.0685442566606211,2,2.00490400551161,0.00490400551160786,49.0380889113495,-4.61700477654391e-10
0.28,0.00807883735574976,0.0408203183852908,0.142678456460879,2.04119943791157,0.0671857811544141,2,2.00490241141557,0.00490241141557446,49.0216058063824,-4.63944652227127e-10
0.29,0.0086486629963749,0.0408365429948026,0.140447014009351,2.04140083390018,0.0657855222601276,2,2.0049010667301,0.0049010667300986,49.0094265427127,-4.75488564971246e-10
0.3,0.00923630089508866,0.0408529489493241,0.138151137500623,2.04160513616357,0.0643442391547875,2,2.00490108228301,0.00490108228301489,49.0123009385299,-4.76071492557656e-10
0.31,0.0098415681531878,0.0408690861227741,0.135792232312706,2.04181218415501,0.0628627137240144,2,2.00490320249259,0.00490320249259124,49.0369584994979,-4.73278634598867e-10
0.32,0.0104642879159401,0.0408846244884475,0.133371716777116,2.04202139151959,0.0613417498923531,2,2.00490762790536,0.00490762790536126,49.0845239166517,-4.63811288637858e-10
0.33,0.0111042894465861,0.0408993675771807,0.130891021955022,2.04223172395791,0.0597821725387548,2,2.00491397869871,0.00491397869870713,49.150375743025,-4.58558756938343e-10
0.34,0.0117614064407934,0.0409132339594542,0.128351598355269,2.04244178945289,0.0581848262262704,2,2.00492140277525,0.00492140277525088,49.2254281050857,-4.57364958406092e-10
0.35,0.0124354741673426,0.0409262139759077,0.125754927250877,2.04265001586112,0.0565505740147391,2,2.00492879611246,0.00492879611245556,49.2984635985501,-4.43735238223747e-10
0.36,0.0131263262652245,0.0409383146299827,0.123102533273186,2.04285487038595,0.0548802965913081,2,2.00493507683358,0.00493507683358319,49.358903047854,-4.40362089241392e-10
0.37,0.0138337920431478,0.0409495078328723,0.120395994899605,2.04305506688836,0.0531748918559311,2,2.00493944364375,0.0049394436437451,49.3993153952844,-4.44331564597444e-10
0.38,0.0145576949304313,0.0409596956692313,0.117636950239532,2.04324971180716,0.0514352749663022,2,2.0049415556571,0.00494155565710042,49.4170604495438,-4.58515872839294e-10
0.39,0.0152978523779267,0.0409687014080666,0.114827096924309,2.04343835655451,0.0496623787138445,2,2.00494159274087,0.00494159274087336,49.4146972376053,-4.65529269647047e-10
0.4,0.0160540771164258,0.040976288159813,0.111968186472108,2.04362094820832,0.0478571540057633,2,2.00494018633831,0.00494018633831361,49.3991071379038,-4.67635243028841e-10
0.41,0.0168261793436293,0.0409821999818803,0.109062014844424,2.04379769556584,0.0460205701932651,2,2.00493824311417,0.00493824311417468,49.3796003446283,-4.82971964504975e-10
0.42,0.0176139692166507,0.0409862147298872,0.106110411687572,2.04396888749731,0.0441536150205611,2,2.00493670915981,0.00493670915980537,49.3655127470656,-4.88737428999686e-10
0.43,0.0184172590104995,0.0409881953046907,0.103115230818439,2.04413471049326,0.0422572940636478,2,2.0049363350841,0.00493633508410163,49.363904172452,-4.85921983206516e-10
0.44,0.0192358644493145,0.0409881266219844,0.100078343929392,2.04429511055116,0.0403326296569415,2,2.00493749986075,0.00493749986075276,49.3779212909578,-4.73125438132938e-10
0.45,0.0200696049801679,0.040986129498554,0.0970016384346543,2.04444973143577,0.0383806594328267,2,2.00494013428298,0.00494013428298468,49.4061999289008,-4.62530626646473e-10
0.46,0.0209183030515712,0.0409824484592424,0.0938870192115872,2.04459794115891,0.0364024346936963,2,2.00494375884317,0.00494375884316645,49.4434119144856,-4.59277456343887e-10
0.47,0.0217817827068532,0.0409774168513882,0.0907364129984314,2.04473893606001,0.0343990188716437,2,2.00494762198415,0.00494762198415,49.4817745121139,-4.47062650787977e-10
0.48,0.0226598679415054,0.0409714079369285,0.0875517736546587,2.04487189303117,0.0323714863015418,2,2.00495090054296,0.00495090054295622,49.5131110611268,-4.37935314748228e-10
0.49,0.0235523812788671,0.040964783578521,0.0843350864685827,2.04499612965827,0.0303209214462182,2,2.00495291049949,0.00495291049949254,49.530932924638,-4.40538317630912e-10
0.5,0.0244591429039334,0.0409578521849193,0.0810883701562887,2.04511123146036,0.028248418593476,2,2.00495327552548,0.00495327552548464,49.5320272408902,-4.49605096208838e-10
0.51,0.0253799704999427,0.0409508447159593,0.0778136759760001,2.04521711513508,0.0261550819250405,2,2.00495201344315,0.00495201344314999,49.5171785307493,-4.57602847975247e-10
0.52,0.0263146797218639,0.0409439127069184,0.0745130842244186,2.04531401358261,0.0240420257677909,2,2.00494952242719,0.00494952242719071,49.4908794767495,-4.60517787098658e-10
0.53,0.0272630850714226,0.0409371466547816,0.0711886990597837,2.045402388292,0.0219103748012761,2,2.0049464742222,0.00494647422219874,49.4601411606395,-4.70803420554722e-10
0.54,0.0282250008535618,0.0409306081632831,0.0678426429355943,2.04548279231908,0.0197612640193069,2,2.0049436442374,0.00494364423739713,49.4327301976745,-4.8555341344847e-10
0.55,0.0292002419084326,0.0409243661604819,0.0644770518718894,2.04555571829722,0.0175958383195331,2,2.00494172266696,0.00494172266696413,49.4152876302749,-4.86727051024483e-10
0.56,0.0301886239106944,0.0409185269310236,0.0610940724008402,2.04562146833734,0.0154152517027105,2,2.00494115375726,0.00494115375726434,49.4117960573136,-4.80638424893431e-10
0.57,0.0311899631740394,0.0409132497285578,0.0576958604388551,2.04568007586927,0.0132206661715032,2,2.00494204150248,0.00494204150247679,49.4227568124064,-4.70868104923694e-10
0.58,0.0322040760448982,0.0409087437220473,0.0542845817531877,2.04573129559416,0.0110132505009949,2,2.00494414217138,0.00494414217137962,49.4452498282706,-4.66310438179685e-10
0.59,0.0332307780734699,0.0409052469195099,0.0508624132745597,2.04577466045879,0.00879417908733239,2,2.00494694191772,0.00494694191771972,49.473825033795,-4.6377934478925e-10
0.6,0.0342698831861283,0.040902992274774,0.0474315443637521,2.04580958825219,0.00656463106009056,2,2.00494979685744,0.00494979685744257,49.5019715545595,-4.38030008098611e-10
0.61,0.035321203046936,0.0409021692896797,0.0439941772857225,2.04583550908877,0.00432578977515288,2,2.00495209855998,0.00495209855998358,49.523779275927,-4.37825511956369e-10
0.62,0.0363845467059336,0.0409028903596323,0.0405525265041867,2.04585198128586,0.00207884270629043,2,2.00495342321499,0.00495342321499193,49.5353762451254,-4.43356608370582e-10
0.63,0.0374597205210767,0.040905169779728,0.0371088168546464,2.04585876740123,-0.000175018346191988,2,2.00495362832879,0.00495362832879254,49.5357963166347,-4.60645986632979e-10
0.64,0.0385465282451675,0.0409089200435331,0.0336652810341451,2.04585585344672,-0.00243459688910044,2,2.00495287534076,0.00495287534075617,49.5270872154646,-4.67817985738694e-10
0.65,0.0396447711194028,0.0409139658318046,0.0302241570461219,2.045843409065,-0.00469869140606117,2,2.00495157555311,0.00495157555310977,49.5136628195971,-4.71348030051111e-10
0.66,0.0407542478235502,0.0409200718710707,0.0267876862048673,2.04582170133739,-0.00696609524210506,2,2.00495027586226,0.0049502758622606,49.5010904575553,-4.70239569505537e-10
0.67,0.0418747541936294,0.0409269777632949,0.0233581120606804,2.04579098591273,-0.00923559682252084,2,2.00494951487784,0.0049495148778429,49.4946348589753,-4.64788291187901e-10
0.68,0.0430060827088535,0.0409344315903476,0.0199376802433746,2.04575140397043,-0.0115059802387382,2,2.00494968613567,0.00494968613567259,49.497927967179,-4.56978940799324e-10
0.69,0.0441480218392926,0.0409422148655234,0.0165286388629338,2.04570291107669,-0.0137760261433907,2,2.00495094189087,0.00495094189087153,49.5120880173931,-4.45797565529205e-10
0.7,0.0453003554042748,0.0409501539464174,0.0131332388719474,2.04564525521403,-0.0160445128254349,2,2.00495315966043,0.00495315966043375,49.5354878751648,-4.36640154588552e-10
0.71,0.0464628620995444,0.0409581166435326,0.00975373376240011,2.04557800855905,-0.0183102173017293,2,2.00495597736376,0.00495597736375775,49.564204933473,-4.3277605110692e-10
0.72,0.0476353153057095,0.0409659965209102,0.00639237815130462,2.04550064423656,-0.020571916271027,2,2.00495888580231,0.00495888580230863,49.5930159260895,-4.20473059148385e-10
0.73,0.048817483205506,0.0409736903600137,0.00305142514995919,2.04541263857797,-0.0228283868251758,2,2.00496135354352,0.00496135354351512,49.6166712325046,-4.07967673532461e-10
0.74,0.0500091291398796,0.0409810757250205,-0.000266877199141271,2.04531357397314,-0.0250784068862022,2,2.0049629523627,0.00496295236270372,49.6311257349433,-4.10828079888681e-10
0.75,0.0512100120535639,0.040987995267268,-0.00356028981537427,2.0452032181762,-0.0273207554166457,2,2.00496345246159,0.00496345246159002,49.634426167411,-4.20409637658103e-10
0.76,0.0524198868452624,0.0409942524347422,-0.00682658605909246,2.04508156267995,-0.0295542125122367,2,2.00496286540112,0.00496286540111912,49.6270519525578,-4.3304801411459e-10
0.77,0.0536385044588486,0.0409996201992218,-0.0100635541381688,2.04494881345993,-0.0317775595171853,2,2.0049614264219,0.00496142642189801,49.61164895788,-4.38821590176275e-10
0.78,0.0548656116248195,0.0410038610641917,-0.0132689980744967,2.04480533926023,-0.0339895792942416,2,2.00495952304767,0.004959523047666,49.59224716599,-4.61114646466143e-10
0.79,0.0561009502661024,0.0410067537962725,-0.0164407372822338,2.04465159273865,-0.0361890567392992,2,2.00495758983894,0.00495758983894046,49.5731768725682,-4.94143226337229e-10
0.8,0.0573442566872909,0.0410081207505314,-0.0195766052306595,2.04448802563171,-0.0383747795664155,2,2.00495599658967,0.00495599658967016,49.5579625330841,-4.91331336727185e-10
0.81,0.0585952607415151,0.0410078496001576,-0.0226744479638058,2.04431501962446,-0.0405455393180033,2,2.00495495785412,0.0049549578541197,49.5484684570889,-4.78937542403024e-10
0.82,0.0598536851904553,0.0410059047712007,-0.0257321233348672,2.0441328496523,-0.0427001325008168,2,2.00495448525138,0.00495448525137876,49.5444968067588,-4.57627227778978e-10
0.83,0.0611192454313746,0.0410023264522848,-0.0287475016475059,2.0439416875043,-0.0448373617189109,2,2.00495439256906,0.00495439256906449,49.5439186746276,-4.50275802754696e-10
0.84,0.0623916496723204,0.0409972180195706,-0.0317184680246779,2.04374164320641,-0.0469560366796145,2,2.0049543503207,0.0049543503206988,49.5432848342715,-4.42084868712556e-10
0.85,0.0636705995152651,0.0409907253892844,-0.0346429263403717,2.04353283221772,-0.0490549749837147,2,2.00495397428146,0.00495397428146216,49.5387459506828,-4.13403103416421e-10
0.86,0.0649557907932797,0.040983013475523,-0.037518804095487,2.04331545048112,-0.051133002666348,2,2.00495292485445,0.00495292485444532,49.5270433867317,-4.05850297813259e-10
0.87,0.0662469144318176,0.04097424529403,-0.0403440573149146,2.04308983794034,-0.0531889545154404,2,2.00495099231263,0.00495099231263429,49.5063232335567,-4.16922996127056e-10
0.88,0.0675436570894081,0.0409645682396218,-0.0431166744834537,2.04285651457813,-0.0552216742437249,2,2.004948147409,0.00494814740900384,49.4765793547232,-4.46021553024423e-10
0.89,0.0688457013857124,0.0409541099761347,-0.0458346787498445,2.04261618032099,-0.0572300146170998,2,2.00494454622697,0.00494454622697171,49.4396306460479,-4.51117698752057e-10
0.9,0.0701527256309132,0.0409429838098515,-0.048496128051941,2.0423696792364,-0.0592128376404267,2,2.00494048980171,0.00494048980170581,49.3986556576899,-4.52737236589229e-10
0.91,0.0714644031031853,0.0409313009923081,-0.0510991133473673,2.04211793711714,-0.0611690148746065,2,2.00493635015412,0.00493635015412464,49.357415753227,-4.5142642401963e-10
0.92,0.0727804010441669,0.0409191857240117,-0.0536417556269649,2.04186188763817,-0.0630974279142176,2,2.00493248216515,0.0049324821651493,49.3193692297154,-4.45719267050393e-10
0.93,0.0741003796223941,0.0409067880881942,-0.056122202708652,2.04160240439951,-0.0649969690056437,2,2.00492914340539,0.00492914340538864,49.286897375324,-4.33473895666836e-10
0.94,0.0754239911300623,0.0408942908153149,-0.0585386268711261,2.04134025399436,-0.0668665417456264,2,2.00492644119955,0.0049264411995491,49.2608271221597,-3.93181459612535e-10
0.95,0.0767508796230901,0.0408819074654798,-0.0608892241655544,2.04107607942157,-0.0687050617788391,2,2.00492431869586,0.00492431869586074,49.2403542335473,-3.73494124517038e-10
0.96,0.0780806811048101,0.0408698718238847,-0.0631722158047829,2.04081041540877,-0.0705114574152565,2,2.00492258173725,0.00492258173725135,49.2233691934259,-3.68565844510726e-10
0.97,0.079413024213767,0.0408584205484661,-0.0653858514707995,2.04054372922391,-0.0722846701129718,2,2.00492095807588,0.00492095807588111,49.2070873697527,-3.47521567078957e-10
0.98,0.0807475312487933,0.0408477727276297,-0.0675284138716478,2.04027647469514,-0.0740236548089289,2,2.00491917297252,0.00491917297252309,49.1888153160781,-3.15299675257563e-10
0.99,0.0820838192806133,0.040838110689984,-0.0695982235442241,2.04000914451407,-0.0757273801226918,2,2.00491702187317,0.00491702187317022,49.1666587209904,-3.17321446896557e-10
1,0.0834215010791302,0.0408295660593184,-0.0715936428183802,2.03974230693828,-0.077394828492983,2,2.00491442223498,0.00491442223498106,49.1399985434033,-3.45556333547492e-10
1.01,0.0847601856397757,0.0408222136770365,-0.0735130780755777,2.03947661763392,-0.0790249963231489,2,2.00491143257336,0.00491143257335569,49.109627397105,-3.56352281016825e-10
1.02,0.0860994782014925,0.0408160741274934,-0.0753549798718704,2.03921280394433,-0.0806168942109598,2,2.00490823525028,0.00490823525028183,49.0775251885576,-3.7102626526675e-10
1.03,0.0874389797895414,0.0408111235613426,-0.077117841058063,2.0389516260152,-0.0821695473169173,2,2.00490508873463,0.0049050887346338,49.0463441320099,-3.73290592881048e-10
1.04,0.0887782864454751,0.0408073079412205,-0.0788001935463705,2.03869382478169,-0.0836819958937122,2,2.00490226223856,0.00490226223856194,49.0187408632835,-3.6407801773386e-10
1.05,0.0901169883962846,0.0408045579899418,-0.0804006047319927,2.03844006986559,-0.0851532959637938,2,2.00489996954285,0.00489996954285488,48.9967263792599,-3.46771278358915e-10
1.06,0.0914546694379356,0.0408028012481664,-0.0819176746710097,2.03819092006649,-0.0865825201033571,2,2.00489831834396,0.00489831834395593,48.9811932393292,-3.28781946112855e-10
1.07,0.0927909067609575,0.0408019686439111,-0.0833500349260168,2.03794680567483,-0.0879687582755326,2,2.00489728699942,0.00489728699942082,48.9717296362458,-3.07779829400445e-10
1.08,0.0941252713397658,0.0408019945631174,-0.0846963495672064,2.03770803624038,-0.0893111186561248,2,2.00489673334837,0.0048967333483696,48.9667551398073,-2.94921281840388e-10
1.09,0.0954573288710004,0.0408028111716395,-0.0859553182712137,2.03747483115434,-0.0906087284109449,2,2.00489643221911,0.00489643221911473,48.9639325225152,-2.94377383580624e-10
1.1,0.0967866411144713,0.0408043392319255,-0.0871256809335001,2.0372473650149,-0.0918607344085623,2,2.00489613132416,0.00489613132415778,48.960744077467,-2.96403984689775e-10
1.11,0.098112767397329,0.0408064785211201,-0.0882062228383769,2.03702581653867,-0.0930663038786728,2,2.00489561114729,0.00489561114728909,48.9550850073802,-3.00525881957725e-10
1.12,0.0994352660114455,0.0408091010038982,-0.0891957793084059,2.03681040945022,-0.0942246250475649,2,2.00489473403915,0.00489473403914564,48.945728317539,-3.08891523470578e-10
1.13,0.100753695271796,0.0408120491667175,-0.090093238906355,2.03660143627546,-0.0953349077917834,2,2.00489347098071,0.00489347098071313,48.9325530599784,-3.13911008298362e-10
1.14,0.102067614100303,0.0408151405837068,-0.0908975446498428,2.03639926059566,-0.0963963843475028,2,2.00489190046131,0.00489190046130794,48.9164906162262,-3.22861348767134e-10
1.15,0.103376582126996,0.0408181782372393,-0.0916076932083236,2.03620429876441,-0.0974083100980861,2,2.00489018093773,0.00489018093772886,48.8992142787476,-3.24829996234399e-10
1.16,0.104680159429903,0.0408209646906255,-0.0922227325708579,2.03601698717772,-0.0983699644402954,2,2.00488850488664,0.00488850488664472,48.882660548325,-3.24071880442034e-10
1.17,0.105977906126568,0.040823317335339,-0.0927417590389287,2.035837744389,-0.0992806517070314,2,2.00488704656291,0.00488704656291139,48.8685073606362,-3.21556392623989e-10
1.18,0.107269382067671,0.0408250817258074,-0.0931639145491294,2.03566693824216,-0.100139702108022,2,2.00488591668012,0.0048859166801245,48.8577404376519,-3.16984161141676e-10
1.19,0.108554146854107,0.0408261405427101,-0.0934883852143194,2.03550486647626,-0.100946472642707,2,2.00488513497819,0.00488513497818666,48.8504118267641,-3.1410074541327e-10
1.2,0.109831760313445,0.0408264168210546,-0.0937144016301716,2.03535175550604,-0.101700347944116,2,2.00488462677992,0.00488462677991564,48.8456430113938,-3.11731473967569e-10
1.21,0.111101783453616,0.0408258714416005,-0.0938412410219363,2.03520777734335,-0.102400741026412,2,2.00488424350871,0.00488424350871153,48.8418628609925,-3.10829639804666e-10
1.22,0.112363779789398,0.0408244961998607,-0.0938682308172686,2.03507308000721,-0.10304709392768,2,2.00488380117564,0.00488380117564446,48.8372126158911,-3.1149077761583e-10
1.23,0.113617316846175,0.0408223046698088,-0.0937947528667614,2.03494782356042,-0.103638878258375,2,2.00488312670673,0.00488312670673308,48.8300121487632,-3.14154424696511e-10
1.24,0.114861967603791,0.0408193234160269,-0.0936202473672533,2.03483221268597,-0.104175595679401,2,2.00488210040738,0.00488210040738002,48.8191704005101,-3.17431303464843e-10
1.25,0.116097311663234,0.040815585787913,-0.0933442156228592,2.0347265178093,-0.104656778338821,2,2.00488068427683,0.00488068427682986,48.8044412807241,-3.20265258757502e-10
1.26,0.117322935992607,0.0408111296754157,-0.0929662210736147,2.03463107977777,-0.105081989292212,2,2.00487892976253,0.0048789297625329,48.7864681322602,-3.20216908544779e-10
1.27,0.118538435216329,0.0408059994496376,-0.0924858884516552,2.03454629722053,-0.105450822920478,2,2.0048769638397,0.00487696383970082,48.7666139607405,-3.20475368464912e-10
1.28,0.119743411524871,0.0408002511512565,-0.0919029013782919,2.03447259988434,-0.105762905344654,2,2.00487495766404,0.00487495766403834,48.7466273088016,-3.20181881008352e-10
1.29,0.120937474372698,0.0407939591117948,-0.0912169990778971,2.03441041446185,-0.106017894823874,2,2.0048730861697,0.00487308616969928,48.7282321475439,-3.21550508441959e-10
1.3,0.12212024017638,0.0407872218213392,-0.0904279730589203,2.03436013085606,-0.106215482115317,2,2.0048714887959,0.00487148879589938,48.7127445229404,-3.2137337235838e-10
1.31,0.123291332216094,0.0407801650236113,-0.0895356645814751,2.03432207638915,-0.106355390773868,2,2.00487024092255,0.00487024092255295,48.7008088176601,-3.20638071649171e-10
1.32,0.124450380882472,0.0407729407207352,-0.0885399634830662,2.03429650307785,-0.106437377377011,2,2.00486934249241,0.00486934249240711,48.6923124900902,-3.20309001544672e-10
1.33,0.125597024317597,0.0407657217632911,-0.0874408085619177,2.03428358965214,-0.106461231672828,2,2.00486872583472,0.00486872583471687,48.6864921604207,-3.20289739175195e-10
1.34,0.126730909396392,0.0407586927618744,-0.086238189307923,2.03428345626493,-0.106426776663025,2,2.00486827988844,0.00486827988844363,48.6821961893965,-3.20007687015789e-10
1.35,0.127851692910113,0.0407520389088308,-0.0849321484327932,2.03429618679028,-0.106333868644386,2,2.00486788409836,0.00486788409835626,48.6782317808041,-3.20192650171691e-10
1.36,0.128959042767869,0.0407459347427605,-0.0835227844674595,2.03432185196296,-0.106182397238236,2,2.00486744315569,0.00486744315569121,48.6737068154811,-3.20153958899283e-10
1.37,0.130052639034412,0.0407405348364513,-0.0820102537042575,2.03436052670618,-0.105972285436316,2,2.0048669139021,0.00486691390210181,48.6682815289557,-3.19917536906189e-10
1.38,0.131132174670474,0.04073596787233,-0.0803947709543061,2.0344122967368,-0.105703489683569,2,2.00486631798727,0.00486631798727233,48.6622706927336,-3.18401027765702e-10
1.39,0.132197355922715,0.040732334722511,-0.0786766089124871,2.03447725245352,-0.105376000005956,2,2.00486573765515,0.00486573765515219,48.6565763439479,-3.17811332806173e-10
1.4,0.133247902400525,0.0407297102107353,-0.0768560962835606,2.03455547139858,-0.104989840178697,2,2.00486529628286,0.00486529628285748,48.6524735367718,-3.16924764209858e-10
1.41,0.134283546954856,0.0407281474133176,-0.0749336151353956,2.03464699347435,-0.10454506791985,2,2.0048651290275,0.00486512902750302,48.6513072892475,-3.13000680929321e-10
1.42,0.135304035518728,0.0407276828808124,-0.0729095981212652,2.03475179478172,-0.104041775089794,2,2.0048653511086,0.00486535110859521,48.6541779592913,-3.11381143092149e-10
1.43,0.136309127072931,0.0407283410915642,-0.0707845262306141,2.03486976622518,-0.103480087878656,2,2.00486603160224,0.0048660316022433,48.6616927274881,-3.12439019101163e-10
1.44,0.137298593861917,0.0407301368174141,-0.0685589275727325,2.03500070172959,-0.102860166970838,2,2.00486717894387,0.00486717894386546,48.6738413966815,-3.15586667909429e-10
1.45,0.138272221917038,0.0407330747639326,-0.0662333774259877,2.03514429848922,-0.102182207686781,2,2.00486874121077,0.00486874121076708,48.690021847166,-3.18288784217913e-10
1.46,0.139229811865445,0.0407371466535408,-0.0638084994701742,2.03530016878102,-0.101446440111913,2,2.00487062054096,0.00487062054096477,48.7092030905405,-3.19712756269297e-10
1.47,0.140171179931948,0.0407423266636719,-0.0612849678353545,2.03546786016204,-0.100653129229704,2,2.0048726975705,0.00487269757049758,48.7301802790355,-3.18979009872322e-10
1.48,0.141096158997776,0.0407485666052047,-0.0586635094270709,2.03564687910344,-0.0998025750768922,2,2.00487485952054,0.00487485952053968,48.7518557166235,-3.16005277500864e-10
1.49,0.142004599571523,0.0407557923437312,-0.0559449059529371,2.03583671258352,-0.0988951129340882,2,2.00487702491754,0.00487702491754227,48.7734761118842,-3.12315784345429e-10
1.5,0.142896370555411,0.0407639026961818,-0.0531299951870147,2.03603684301324,-0.0979311135551195,2,2.00487915905863,0.00487915905863234,48.7947700644831,-3.06129954719125e-10
1.51,0.143771359744803,0.0407727714639536,-0.0502196712273382,2.03624675380348,-0.0969109834265158,2,2.00488127685697,0.00488127685696504,48.8159566611191,-2.9921820576817e-10
1.52,0.14462947406544,0.0407822525392399,-0.0472148837680361,2.03646592539368,-0.0958351650373515,2,2.00488343295323,0.00488343295322569,48.8376290474318,-2.94316460092148e-10
1.53,0.145470639613653,0.0407921873303812,-0.0441166366503886,2.03669382399125,-0.0947041371327897,2,2.0048857021154,0.00488570211539852,48.8605474327053,-2.83847223503386e-10
1.54,0.146294801605186,0.0408024132496762,-0.0409259861191392,2.03692988705703,-0.0935184149230778,2,2.00488815524573,0.00488815524573161,48.8853971632918,-2.67730337899508e-10
1.55,0.147101924348662,0.0408127718362822,-0.0376440392503684,2.03717351023415,-0.0922785502255618,2,2.00489083714865,0.00489083714865446,48.9125735298061,-2.69234246008665e-10
1.56,0.147891991339631,0.0408231152380094,-0.0342719529377566,2.03742403992391,-0.0909851315258273,2,2.00489375156173,0.00489375156173333,48.9420462231371,-2.777906793483e-10
1.57,0.148665005527364,0.0408333102267419,-0.0308109336497068,2.03768077415184,-0.0896387839567594,2,2.00489685692995,0.00489685692994524,48.9733344613001,-2.93457202982239e-10
1.58,0.14942098975244,0.0408432395396428,-0.027262237951079,2.03794297224426,-0.0882401692043988,2,2.0049000736497,0.00490007364970335,49.0055956477897,-3.06731307020414e-10
1.59,0.1501599873004,0.0408528009826555,-0.0236271735729692,2.03820987155758,-0.0867899853573235,2,2.00490330057588,0.00490330057588295,49.037801535072,-3.080178889725e-10
1.6,0.150882062482592,0.040861905195487,-0.0199071006776966,2.03848070786285,-0.0852889667160147,2,2.00490643647607,0.00490643647607403,49.068956204326,-3.01431601901214e-10
1.61,0.151587301143827,0.0408704732205155,-0.0161034329192379,2.03875473512313,-0.0837378835755221,2,2.00490940100762,0.00490940100762494,49.0983010626934,-2.88681023530302e-10
1.62,0.152275811011082,0.0408784349403326,-0.0122176379578207,2.03903124066351,-0.0821375419855825,2,2.00491215013853,0.00491215013853097,49.1254575563695,-2.77309342155974e-10
1.63,0.152947721832138,0.0408857291085752,-0.00825123722591465,2.03930955293944,-0.0804887834822626,2,2.00491468248805,0.00491468248805216,49.1504754387303,-2.60005073027259e-10
1.64,0.153603185298153,0.0408923051851424,-0.00420580492289656,2.03958904094814,-0.0787924847766751,2,2.00491703542672,0.00491703542671784,49.1737788425194,-2.48106202249687e-10
1.65,0.154242374787285,0.0408981266364472,-8.29663880688449e-05,2.03986910632344,-0.0770495573813764,2,2.00491927232986,0.00491927232985612,49.1960277417706,-2.44608666655211e-10
1.66,0.15486548499729,0.0409031749139732,0.00411560387528989,2.04014917080646,-0.075260947155977,2,2.00492146448445,0.00492146448444686,49.2179323515699,-2.50001130908117e-10
1.67,0.155472731546589,0.0409074530871925,0.00838818420621618,2.04042866271038,-0.0734276337596688,2,2.00492367231256,0.00492367231256319,49.2400679707565,-2.6296720356811e-10
1.68,0.156064350614067,0.0409109881334768,0.0127330075410082,2.04070700599449,-0.0715506300084328,2,2.00492593054205,0.00492593054204882,49.2627356201526,-2.74026301649855e-10
1.69,0.156640598662026,0.040913831162697,0.0171482627389422,2.04098361467364,-0.0696309811460977,2,2.00492824078439,0.00492824078438847,49.2859006073458,-2.9314212168785e-10
1.7,0.157201752251967,0.0409160553013053,0.0216320954398969,2.04125789377367,-0.0676697640480453,2,2.00493057301023,0.00493057301023114,49.3092206054328,-3.07091962969963e-10
1.71,0.15774810792889,0.0409177514677914,0.0261826085512742,2.04152924629358,-0.0656680863820359,2,2.00493287514958,0.0049328751495783,49.332152200869,-3.13175485544548e-10
1.72,0.158279982125252,0.0409190227081139,0.0307978625600037,2.04179708410488,-0.0636270857506144,2,2.00493508807336,0.00493508807336163,49.3541059817857,-3.24350601932366e-10
1.73,0.158797711026247,0.0409199780376463,0.0354758759037516,2.04206083974814,-0.0615479288355945,2,2.00493716196428,0.00493716196428373,49.3746091533752,-3.46420836461192e-10
1.74,0.159301650343925,0.0409207267494567,0.0402146256115373,2.04231997598142,-0.0594318105521937,2,2.00493906996844,0.00493906996843574,49.3934351104591,-3.50097284496087e-10
1.75,0.159792174968432,0.0409213739955944,0.0450120483421599,2.04257399051106,-0.0572799532155238,2,2.00494081575282,0.00494081575281591,49.4106681550355,-3.36907945985843e-10
1.76,0.160269678490334,0.0409220180603132,0.0498660418454996,2.04282241464731,-0.0550936057083771,2,2.00494243329817,0.00494243329816824,49.4266894844068,-3.26819238338771e-10
1.77,0.160734572614537,0.040922749316299,0.0547744667662082,2.04306480614781,-0.0528740426355037,2,2.00494397920862,0.00494397920861767,49.4420902503519,-3.21958237847753e-10
1.78,0.161187286505034,0.0409236504493911,0.059735148634347,2.04330073794342,-0.05062256344862,2,2.00494551965873,0.00494551965872958,49.4575352884218,-3.22822935050482e-10
1.79,0.161628266107108,0.0409247972688686,0.0647458798584181,2.04352978540415,-0.0483404915309275,2,2.00494711532987,0.00494711532986525,49.473612285888,-3.29004656851595e-10
1.8,0.162057973488446,0.0409262593402402,0.0698044215568647,2.0437515150951,-0.0460291732374815,2,2.00494880805808,0.00494880805807663,49.4907034455432,-3.35096839165772e-10
1.81,0.162476886225626,0.040928099802436,0.0749085051245174,2.04396547753634,-0.0436899768967834,2,2.00495061235128,0.00495061235128347,49.5089097425191,-3.46308148824193e-10
1.82,0.162885496842234,0.040930374018971,0.0800558335113103,2.04417120545497,-0.0413242917866576,2,2.00495251361719,0.00495251361719351,49.5280438103275,-3.55477591806874e-10
1.83,0.163284312285294,0.0409331270844994,0.0852440822691096,2.04436821767667,-0.0389335271015989,2,2.00495447322801,0.00495447322801379,49.5476900603574,-3.60768026563818e-10
1.84,0.163673853412879,0.0409363905678,0.0904709004779741,2.04455602748672,-0.0365191109285159,2,2.00495643886981,0.00495643886980934,49.5673142445589,-3.61042196139749e-10
1.85,0.1640546544606,0.0409401791289357,0.0957339116839978,2.04473415332161,-0.0340824892427426,2,2.00495835739908,0.0049583573990799,49.5863933476554,-3.56596141504184e-10
1.86,0.164427262458708,0.0409444877418174,0.101030714964829,2.04490212925018,-0.0316251249281,2,2.00496018693487,0.00496018693487077,49.6045329739657,-3.49347106798348e-10
1.87,0.164792236582711,0.040949290164883,0.106358886194641,2.04505951294427,-0.0291484968155345,2,2.00496190524569,0.00496190524569196,49.6215439039214,-3.42930683849829e-10
1.88,0.165150147434752,0.0409545390585081,0.111715979522799,2.045205889635,-0.0266540987268728,2,2.00496351253287,0.00496351253286953,49.637460805733,-3.34904992627116e-10
1.89,0.165501576266531,0.04096016781317,0.117099529026811,2.04534087168167,-0.0241434385056373,2,2.00496502817814,0.00496502817814104,49.6525011139443,-3.29553662137272e-10
1.9,0.165847114163239,0.0409660938106802,0.122507050465269,2.04546409455129,-0.0216180370164236,2,2.00496648253641,0.00496648253641396,49.666976993146,-3.29112959107647e-10
1.91,0.166187361210341,0.040972222574995,0.127936043047203,2.04557521092704,-0.0190794270984917,2,2.00496790604019,0.00496790604018704,49.6811844308915,-3.2939262428755e-10
1.92,0.166522925660925,0.0409784521385305,0.133383991151073,2.0456738851153,-0.016529152466359,2,2.0049693184631,0.004969318463099,49.6952982582074,-3.30934502024149e-10
1.93,0.166854423112635,0.0409846769836537,0.138848365961139,2.04575978980411,-0.0139687665587248,2,2.00497072103845,0.00497072103844776,49.70929931054,-3.33091221271786e-10
1.94,0.167182475693254,0.0409907910952973,0.144326627029252,2.04583260660042,-0.0113998313445983,2,2.004972093326,0.00497209332599979,49.7229510520682,-3.39527905790504e-10
1.95,0.167507711245608,0.0409966899326994,0.149816223803508,2.04589203081075,-0.0088239161003184,2,2.00497339548494,0.00497339548494091,49.7358302108249,-3.39621331058026e-10
1.96,0.16783076249825,0.0410022714265712,0.155314597182147,2.04593777986531,-0.00624259617228831,2,2.00497457524845,0.00497457524845268,49.7474024338068,-3.38441552560909e-10
1.97,0.168152266209378,0.0410074363537332,0.160819181147522,2.04596960390261,-0.00365745173769562,2,2.00497557776617,0.00497557776617485,49.757123254131,-3.43660544466218e-10
1.98,0.168472862276715,0.0410120885757752,0.166327404513976,2.04598729653881,-0.00107006657006928,2,2.00497635585446,0.00497635585446066,49.7645392771388,-3.45796724587899e-10
1.99,0.168793192812634,0.0410161356282919,0.171836692795018,2.0459907038477,0.00151797319176597,2,2.00497687819554,0.00497687819554482,49.7693654640799,-3.4635944112793e-10
2,0.169113901193741,0.0410194900132384,0.177344470160288,2.04597973001607,0.0041050802750587,2,2.00497713359971,0.00497713359971197,49.7715209461058,-5.44654044087878e-10
2.01,0.169435631097725,0.0410220714383041,0.182848161434022,2.04595433850598,0.00668966751564574,1.99999997229162,2.00497712991923,0.00497715762760542,49.7715092757398,-5.88133652890122e-10
2.02,0.169759025558646,0.0410238119452119,0.188345194014966,2.04591454056305,0.00927014913235095,1.99999977888741,2.00497687751147,0.0049770986240647,49.7709181019653,-5.89137905127046e-10
2.03,0.170084726091556,0.041024664905797,0.193832999519218,2.04586036629153,0.0118449420829202,1.99999925561375,2.00497635149186,0.00497709587811368,49.7710604423305,-5.88460391526269e-10
2.04,0.170413371881782,0.0410246124540597,0.199309015168491,2.04579183892478,0.0144124675177578,1.99999823995259,2.00497545883536,0.00497721888276992,49.772514716305,-5.82087600342618e-10
2.05,0.17074559899196,0.0410236684179059,0.204770685117069,2.0457089633742,0.0169711522864792,1.99999657103588,2.00497402434541,0.00497745330952637,49.7750162980253,-5.82546844096754e-10
2.06,0.171082039532942,0.0410218761850432,0.210215461936816,2.04561173126435,0.0195194304347768,1.99999408964,2.00497179826448,0.00497770862448377,49.7775653705679,-5.83558978917154e-10
2.07,0.171423320757926,0.0410193021668,0.215640808427421,2.04550014034148,0.0220557446311411,1.99999063818023,2.00496848275111,0.00497784457087547,49.7787155162436,-5.79985781623549e-10
2.08,0.171770064067335,0.0410160265153041,0.221044199806603,2.04537422261887,0.0245785474796272,1.99998606070519,2.00496376993212,0.00497770922692986,49.7769645956299,-5.83124548647618e-10
2.09,0.172122883945721,0.0410121333024544,0.226423126199245,2.04523407361549,0.027086302702169,1.99998020289125,2.00495738167696,0.00497717878571224,49.7711473798271,-5.84109260959309e-10
2.1,0.172482386881551,0.0410077023627257,0.231775095226286,2.04507987499977,0.0295774862026178,1.99997291203704,2.00494910119959,0.0049761891625506,49.760732870384,-5.87781601169013e-10
2.11,0.172849170336238,0.0410028044612015,0.237097634432845,2.04491190480552,0.032050587047735,1.99996403705782,2.00493878898623,0.00497475192840313,49.745956454425,-5.84645998280564e-10
2.12,0.173223821823399,0.0409975005188323,0.242388293315355,2.04473053263449,0.0345041084141737,1.99995342848,2.00492637972275,0.00497295124274499,49.7277606452768,-5.85130388586208e-10
2.13,0.173606918136271,0.0409918445738856,0.247644644800182,2.04453620098803,0.0369365685490485,1.99994093843551,2.00491186167585,0.00497092324034343,49.7075660484361,-5.87560666787112e-10
2.14,0.173999024725009,0.0409858892220703,0.252864286170822,2.0443293972236,0.0393465017782888,1.9999264206563,2.00489524427458,0.00496882361827877,49.6869354113566,-5.96167837318973e-10
2.15,0.1744006951883,0.0409796917102505,0.258044839590887,2.04411062271221,0.0417324595744912,1.99990973046875,2.00487652228999,0.00496679182124415,49.6672171889272,-5.95597293706618e-10
2.16,0.174812470813829,0.0409733187748011,0.263183952485719,2.04388036612631,0.0440930116746882,1.99989072478815,2.00485564545262,0.00496492066447174,49.6492560708396,-5.94626348160432e-10
2.17,0.175234880093446,0.0409668486826732,0.268279298086516,2.04363908660115,0.0464267472142654,1.9998692621131,2.00483250079629,0.00496323868318393,49.6332393174805,-5.88510573606982e-10
2.18,0.175668438148493,0.0409603697235121,0.273328576396421,2.04338720972546,0.0487322758368711,1.99984520252,2.00480691144129,0.00496170892129477,49.6187100762713,-5.86742654462569e-10
2.19,0.176113646031384,0.0409539753056965,0.278329515718135,2.04312513614168,0.0510082287392847,1.99981840765745,2.00477865144737,0.00496024378991478,49.6047376295469,-5.86391102341821e-10
2.2,0.176570989911048,0.0409477566824984,0.283279874715736,2.04285325940755,0.0532532596224057,1.99978874074074,2.00474747236082,0.00495873162008098,49.5901956504346,-5.80540726602408e-10
2.21,0.177040940190829,0.0409417949078186,0.288177444820363,2.04257198768078,0.0554660455373302,1.99975606654625,2.0047131344114,0.00495706786515404,49.5740752641007,-5.79163439429209e-10
2.22,0.177523950633854,0.0409361537742725,0.293020052680705,2.04228176313846,0.0576452876386365,1.99972025140593,2.00467543450538,0.00495518309945475,49.555754607524,-5.8051874418652e-10
2.23,0.178020457582197,0.0409308752485728,0.297805562317578,2.04198307381647,0.059789711870822,1.99968116320171,2.00463422416905,0.00495306096734183,49.5351594583516,-5.93587179409383e-10
2.24,0.178530879338767,0.0409259782683642,0.302531876708903,2.04167645476035,0.0618980696247929,1.99963867136,2.00458941345396,0.00495074209395652,49.512780054886,-5.98615046421003e-10
2.25,0.179055615747362,0.0409214609787356,0.307196938665561,2.04136247811815,0.0639691384010217,1.99959264684606,2.00454096034304,0.00494831349697722,49.4895451160988,-6.00409333362251e-10
2.26,0.179595047960263,0.0409173056666187,0.31179873104269,2.04104173468332,0.0660017225056043,1.99954296215852,2.00448884890137,0.00494588674285446,49.4665903684888,-6.00241911730137e-10
2.27,0.180149538340877,0.0409134850966121,0.316335276498828,2.04071481137768,0.0679946537900768,1.99948949132375,2.0044330619587,0.00494357063495454,49.4449823756943,-5.98482430280711e-10
2.28,0.180719430418424,0.0409099687001596,0.320804637136474,2.04038227008138,0.0699467924286756,1.99943210989037,2.00437355528653,0.00494144539615848,49.4254676518736,-5.94534477205144e-10
2.29,0.181305048804068,0.0409067272238305,0.325204914388183,2.04004463271115,0.0718570277122585,1.99937069492366,2.00431023957654,0.00493954465287882,49.4083079298827,-5.88328552542094e-10
2.3,0.181906698994097,0.0409037349249914,0.329534249447194,2.03970237576773,0.0737242788301546,1.999305125,2.00424297436403,0.00493784936402641,49.3932389048981,-5.81466930160701e-10
2.31,0.182524667022034,0.0409009690865626,0.333790824396224,2.0393559351621,0.0755474956111961,1.99923528020134,2.00417157494032,0.0049362947389735,49.3795579570602,-5.76762082538096e-10
2.32,0.183159218968391,0.0408984073292852,0.337972864000627,2.03900571961034,0.077325659202611,1.99916104210963,2.00409583006382,0.00493478795418945,49.3663144356311,-5.71422631434615e-10
2.33,0.183810600381989,0.0408960237557313,0.342078637951015,2.03865212887455,0.0790577826774233,1.99908229380125,2.0040155257022,0.00493323190095163,49.352551831226,-5.6107452017784e-10
2.34,0.184479035697434,0.0408937852268062,0.346106463217446,2.03829557212875,0.0807429115748535,1.99899891984148,2.00393046876528,0.00493154892379444,49.3375406305964,-5.58373736136986e-10
2.35,0.185164727742393,0.0408916490023997,0.350054706141079,2.03793648191284,0.0823801243893198,1.99891080627894,2.00384050503791,0.00492969875897753,49.320945429701,-5.64014557280501e-10
2.36,0.185867857413888,0.040889562606898,0.353921783946545,2.03757532039329,0.0839685330285568,1.99881784064,2.00374552714911,0.00492768650911191,49.3028879953954,-5.70338443139917e-10
2.37,0.186588583566383,0.0408874661935953,0.357706165503736,2.03721257670352,0.0855072832613764,1.99871991192329,2.00364547106033,0.00492555913703852,49.2838953920527,-5.75189507134866e-10
2.38,0.187327043107798,0.0408852970482388,0.361406371354339,2.03684875638255,0.0869955551690716,1.99861691059407,2.00354030244479,0.00492339185071389,49.2647510133017,-5.80186343412947e-10
2.39,0.18808335125477,0.0408829953472614,0.365020973197109,2.03648436581184,0.0884325636035386,1.99850872857875,2.00342999674526,0.00492126816651384,49.2462893787671,-5.94742366466505e-10
2.4,0.188857601866041,0.0408805099891025,0.368548593155624,2.03611989565704,0.0898175586445394,1.99839525925926,2.00331451811023,0.004919258850967,49.2291878333451,-6.02268346305834e-10
2.41,0.189649867762575,0.0408778033247409,0.37198790319367,2.03575580736025,0.091149826040111,1.99827639746755,2.00319380244387,0.00491740497632809,49.2138066137589,-5.99392091515938e-10
2.42,0.190460200955318,0.0408748538833507,0.37533762499278,2.03539252582647,0.0924286876088708,1.99815203948,2.00306774863261,0.00491570915260975,49.2001152734255,-5.92217941353113e-10
2.43,0.191288632735493,0.0408716566898668,0.378596530471138,2.03503043973326,0.0936535015850364,1.9980220830119,2.00293621978915,0.00491413677724828,49.1877202137834,-5.86670045876758e-10
2.44,0.192135173627157,0.0408682213357572,0.381763442943586,2.03466990892287,0.0948236628926751,1.99788642721185,2.00279905381173,0.00491262659987646,49.1759825653051,-5.84005233061902e-10
2.45,0.192999813245652,0.0408645684591147,0.384837238746594,2.03431127659134,0.0959386033443179,1.99774497265625,2.00265608030586,0.00491110764960978,49.1641939935679,-5.76350078773658e-10
2.46,0.193882520138446,0.040860725617568,0.387816849018417,2.03395488282617,0.0969977917682049,1.9975976213437,2.00250713941728,0.00490951807357587,49.1517645449232,-5.68972868819628e-10
2.47,0.194783241696168,0.0408567235771599,0.390701261284961,2.03360107587868,0.0980007340761448,1.99744427668949,2.00235209791614,0.00490782122665268,49.1383763342428,-5.70471003769057e-10
2.48,0.195701904212182,0.0408525938773172,0.393489520531406,2.03325021812632,0.0989469732866136,1.99728484352,2.00219085860522,0.00490601508522492,49.124065838208,-5.77913605859237e-10
2.49,0.196638413137502,0.0408483681144918,0.396180729572111,2.03290268514449,0.0998360895175525,1.99711922806718,2.00202336101403,0.00490413294685776,49.1092175000062,-5.84261306002531e-10
2.5,0.197592653535773,0.040844078910095,0.398774048696408,2.03255885800877,0.100667699958511,1.99694733796296,2.00184957352915,0.00490223556619185,49.0944734931409,-5.89152837626727e-10
2.51,0.198564490700363,0.0408397620742585,0.401268694739653,2.03221911058099,0.101441458825374,1.99676908223375,2.00166947920837,0.00490039697462041,49.0805848785896,-5.88626147823845e-10
2.52,0.19955377086274,0.040835459165424,0.403663939859397,2.0318837946791,0.102157057294372,1.99658437129481,2.00148305899391,0.00489868769909929,49.0682428495074,-5.82987325081774e-10
2.53,0.200560321907198,0.0408312195502731,0.405959110353288,2.0315532264181,0.102814223407535,1.99639311694477,2.00129027652737,0.00489715958260439,49.0579320654546,-5.75116509970997e-10
2.54,0.201583954014272,0.0408271012033027,0.408153585825948,2.03122767657936,0.103412721940367,1.99619523236,2.00109106820358,0.00489583584358422,49.0498409431245,-5.63683433263407e-10
2.55,0.202624460181462,0.0408231698078326,0.41024679890675,2.03090736676007,0.103952354224519,1.99599063208912,2.00088534066717,0.00489470857805352,49.0438483756903,-5.53896151167521e-10
2.56,0.203681616608164,0.0408194961462987,0.41223823556729,2.03059247156426,0.104432957922987,1.99577923204741,2.00067297602965,0.00489374398223874,49.0395867090697,-5.47801248806934e-10
2.57,0.204755182971575,0.0408161521857083,0.414127435927591,2.03028312561312,0.104854406761315,1.99556094951125,2.00045384317317,0.00489289366192414,49.036562041621,-5.471775255117e-10
2.58,0.205844902651817,0.04081320657312,0.415913995314197,2.02997943303572,0.105216610223725,1.99533570311259,2.00022781207327,0.00489210896068193,49.0342995469072,-5.52052070723619e-10
2.59,0.206950502979732,0.0408107203838741,0.417597565272208,2.0296814766114,0.105519513226519,1.99510341283338,1.99999476745053,0.0048913546171474,49.0324766353157,-5.60931190385361e-10
2.6,0.208071695576398,0.0408087438865366,0.419177854250995,2.02938932397168,0.105763095781627,1.994864,1.99975461837749,0.00489061837749261,49.0310112755651,-5.71415692540711e-10
2.61,0.209208176831136,0.0408073148311857,0.420654627772174,2.02910302914007,0.105947372660731,1.99461738727773,1.99950730160074,0.00488991432300367,49.0300851709343,-5.83300630019323e-10
2.62,0.21035962853094,0.0408064584014551,0.422027708023837,2.02882262895488,0.106072393065928,1.99436349866519,1.99925277797934,0.00488927931415639,49.0300983764764,-5.91092286228445e-10
2.63,0.211525718617762,0.0408061885887841,0.423296972970844,2.02854813525503,0.106138240307488,1.99410225948875,1.99899102316814,0.00488876367939173,49.0315690425742,-5.92751292494142e-10
2.64,0.212706102020367,0.0408065104438847,0.42446235518989,2.02827952477892,0.106145031484707,1.99383359639704,1.99872201505521,0.00488841865817569,49.0350050265959,-5.87897397430481e-10
2.65,0.213900421491909,0.0408074225075852,0.425523840700128,2.02801672927299,0.10609291716316,1.99355743735532,1.99844572116743,0.00488828381210848,49.0407800347332,-5.7754900861795e-10
2.66,0.215108308386351,0.040808918749182,0.426481468052344,2.02775962822232,0.105982081041455,1.99327371164,1.99816208914667,0.00488837750667237,49.0490446304754,-5.65854807454969e-10
2.67,0.216329383325293,0.0408109895331598,0.427335327865765,2.02750804593731,0.10581273960282,1.99298234983301,1.9978710425241,0.00488869269109493,49.0596927082575,-5.45799072604325e-10
2.68,0.217563256736423,0.040813621438039,0.42808556288297,2.02726175365238,0.10558514175053,1.9926832838163,1.99757248263064,0.00488919881433936,49.0723895949816,-5.35659849809633e-10
2.69,0.21880952927764,0.0408167960834958,0.428732368482099,2.0270204760984,0.105299568430197,1.99237644676625,1.99726629594664,0.0048898491803866,49.0866526128636,-5.34355448778001e-10
2.7,0.220067792189094,0.0408204884052804,0.429275993472654,2.02678390097426,0.104956332244989,1.99206177314815,1.99695236486676,0.00489059171861195,49.1019622313806,-5.36153454966382e-10
2.71,0.221337627630881,0.0408246649708902,0.429716740939287,2.02655168916223,0.104555777070828,1.9917391987106,1.99663057911748,0.00489138040687753,49.117875492792,-5.39579492198072e-10
2.72,0.222618609064856,0.0408292829323961,0.430054968895082,2.02632348347726,0.104098277677465,1.99140866048,1.99630084500732,0.0048921845273151,49.1341138798805,-5.45718359390435e-10
2.73,0.223910301724796,0.0408342900628381,0.430291090562742,2.02609891423339,0.10358423935812,1.99107009675495,1.9959630903362,0.00489299358124451,49.1506052029222,-5.55654078304713e-10
2.74,0.225212263193861,0.0408396260578025,0.430425574203393,2.0258776008197,0.103014097566132,1.99072344710074,1.99561726397181,0.00489381687106683,49.1674714644564,-5.63494140237708e-10
2.75,0.226524044080931,0.0408452249967813,0.430458942521976,2.02565914948569,0.102388317552943,1.99036865234375,1.99526333040209,0.00489467805833943,49.184967779819,-5.67754843139312e-10
2.76,0.227845188760557,0.0408510185685738,0.430391771786636,2.02544314856104,0.101707393998836,1.99000565456593,1.99490126089578,0.00489560632985175,49.2033902460915,-5.76701908450161e-10
2.77,0.229175236126448,0.0408569395130604,0.430224690853634,2.02522916287996,0.100971850627962,1.98963439709921,1.99453102360334,0.0048966265041237,49.2229768939849,-5.90924753574029e-10
2.78,0.230513720310344,0.0408629247093952,0.429958380295702,2.02501672932297,0.10018223979803,1.98925482452,1.99415257509529,0.00489775057529229,49.2438265767579,-5.89868709433006e-10
2.79,0.231860171322047,0.040868917415337,0.429593571796679,2.02480535508829,0.0993391420620028,1.98886688264356,1.99376585545788,0.00489897281431695,49.2658560128179,-5.82855763653356e-10
2.8,0.233214115592267,0.0408748684052638,0.429131047884731,2.02459451951127,0.0984431657009664,1.98847051851852,1.9933707880229,0.00490026950437716,49.2888041518041,-5.72958680500335e-10
2.81,0.234575076423372,0.0408807360090791,0.428571641981821,2.02438367935914,0.0974949462312383,1.98806568042125,1.99296728365691,0.00490160323566213,49.3122813728481,-5.67901170533958e-10
2.82,0.235942574374388,0.0408864853039725,0.42791623865878,2.02417227664186,0.0964951458921271,1.98765231785037,1.99255524839376,0.00490293054339452,49.3358498428152,-5.60366197888129e-10
2.83,0.237316127620276,0.0408920868831421,0.427165773929846,2.02395974736857,0.0954444531218436,1.98723038152116,1.99213459240761,0.00490421088645276,49.3591141250969,-5.35880562146929e-10
2.84,0.238695252330017,0.0408975156786335,0.426321235409662,2.023745529506,0.0943435820255104,1.98679982336,1.99170523809768,0.00490541473768147,49.3817996715867,-5.3111470776912e-10
2.85,0.240079463097811,0.0409027502544655,0.425383662187522,2.02352906858447,0.0931932718390217,1.98636059649884,1.99126712530868,0.00490652880983378,49.4038001447878,-5.4566628993058e-10
2.86,0.241468273445977,0.040907772811299,0.424354144343104,2.02330982003766,0.0919942863871643,1.98591265526963,1.99082021253077,0.004907557261143,49.4251833184529,-5.62738189380241e-10
2.87,0.242861196397026,0.0409125699234711,0.423233822109389,2.02308724814481,0.0907474135321436,1.98545595519875,1.9903644739314,0.00490851873265274,49.4461556288154,-5.74469583014547e-10
2.88,0.244257745093542,0.0409171338029111,0.422023884766703,2.02286082227546,0.0894534646061914,1.98499045300148,1.98989989313294,0.00490944013145467,49.4669959207613,-5.76003356123067e-10
2.89,0.245657433431383,0.0409214637272164,0.420725569401712,2.02263001171589,0.0881132738230669,1.98451610657644,1.98942645538947,0.00491034881303243,49.4879758464818,-5.67711877508259e-10
2.9,0.247059776668334,0.0409255672028379,0.4193401596804,2.02239428062997,0.0867276976649159,1.984032875,1.98894414015611,0.0049112651561134,49.5092870878087,-5.51750423127828e-10
2.91,0.248464291976149,0.040929460481383,0.417868984760666,2.02215308457458,0.0852976142446341,1.98354071852079,1.98845291586258,0.00491219734178983,49.5309930379037,-5.36271915763109e-10
2.92,0.249870498917246,0.0409331681900288,0.416313418417141,2.02190586951327,0.0838239226478292,1.98303959855407,1.98795273807994,0.00491313952586947,49.553015778528,-5.16200637790121e-10
2.93,0.251277919844075,0.0409367220361305,0.414674878383792,2.02165207358737,0.0823075422618072,1.98252947767625,1.98744355138222,0.00491407370596741,49.5751600237902,-5.02997199447464e-10
2.94,0.252686080235281,0.0409401587528997,0.412954825856145,2.02139113118153,0.080749412100668,1.98201031961926,1.98692529427162,0.00491497465236357,49.597166424231,-4.92329288448445e-10
2.95,0.254094508993334,0.040943517617989,0.411154765051725,2.0211224782408,0.079150490136401,1.98148208926505,1.98639790578986,0.00491581652481621,49.6187795211843,-4.49925874335122e-10
2.96,0.255502738732573,0.0409468379498431,0.409276242712366,2.02084555752176,0.0775117526423274,1.98094475264,1.98586133208962,0.00491657944961976,49.6398127476304,-4.3467762722571e-10
2.97,0.256910306082496,0.0409501569682704,0.407320847447969,2.02055982251221,0.0758341935517616,1.9803982769094,1.98531553131205,0.00491725440265234,49.6601942076837,-4.37821334742239e-10
2.98,0.258316752019528,0.0409535083067444,0.405290208865653,2.02026473910843,0.0741188238342989,1.97984263037185,1.98476047557256,0.00491784520070482,49.6799821023082,-4.64097649199857e-10
2.99,0.259721622229024,0.0409569212798399,0.403185996478047,2.01995978475689,0.0723666708841622,1.97927778245375,1.98419614966088,0.0049183672071258,49.6993470079729,-4.81881423652908e-10
3,0.26112446748509,0.0409604208338023,0.40100991843897,2.01964444539891,0.0705787779164236,1.9787037037037,1.9836225468717,0.00491884316799385,49.7185263578596,-4.88745044435746e-10
3.01,0.262524844027431,0.0409640279510644,0.398763720189314,2.01931821110602,0.0687562033653819,1.97812036578699,1.9830396630891,0.00491929730211305,49.7377632668721,-4.83082240876342e-10
3.02,0.263922313911098,0.0409677601952962,0.396449183109165,2.01898057159745,0.0669000202816831,1.97752774148,1.98244749063638,0.00491974915638327,49.7572452561824,-4.65637306490407e-10
3.03,0.265316445308255,0.0409716320825076,0.394068123259624,2.01863101283679,0.0650113157274136,1.97692580466468,1.98184601340788,0.00492020874320098,49.7770579149162,-4.46657155706021e-10
3.04,0.26670681274925,0.0409756550453953,0.391622390265306,2.01826901561439,0.0630911901715511,1.97631453032296,1.98123520442586,0.00492067410289843,49.7971642883688,-4.19167811571697e-10
3.05,0.268092997300966,0.0409798368977682,0.389113866345911,2.01789405652176,0.0611407568907939,1.97569389453125,1.98061502632287,0.00492113179161846,49.8174140202347,-4.03433952911314e-10
3.06,0.269474586690877,0.0409841808662493,0.38654446546377,2.01750561114128,0.0591611413819657,1.97506387445481,1.9799854345051,0.00492156005028321,49.8375787451419,-3.91655152753856e-10
3.07,0.270851175392558,0.0409886843949869,0.383916132525054,2.01710315876285,0.0571534807917405,1.97442444834227,1.97934638210131,0.00492193375904071,49.8574038941033,-3.95901755823047e-10
3.08,0.272222364691321,0.0409933380127862,0.381230842561052,2.01668618761561,0.0551189233672978,1.97377559552,1.97869782539407,0.00492222987406854,49.8766633876342,-4.13638678864459e-10
3.09,0.273587762746484,0.0409981245600061,0.378490599824552,2.01625419954537,0.0530586279283461,1.97311729638662,1.97803972836584,0.00492243197922448,49.8952035415279,-4.34024371998021e-10
3.1,0.274946984660861,0.0410030190055219,0.375697436760535,2.01580671327785,0.0509737633575279,1.97244953240741,1.97737206526995,0.00492253286253974,49.9129657589968,-4.6696291278181e-10
3.11,0.276299652560025,0.041007988960988,0.372853412842412,2.01534326582071,0.0488655081033777,1.97177228610875,1.97669482067349,0.0049225345647439,49.9299832946894,-4.86807261168565e-10
3.12,0.277645395676261,0.0410129958516241,0.369960613296121,2.01486341206441,0.0467350496885572,1.97108554107259,1.97600798707586,0.00492244600326641,49.9463540665394,-5.03639796534117e-10
3.13,0.278983850426664,0.0410179965689407,0.367021147755677,2.01436672310939,0.04458358421602,1.97038928193088,1.97531156080752,0.00492227887663588,49.9621973983991,-5.0688830910417e-10
3.14,0.280314660472874,0.0410229453367119,0.364037148904617,2.01385278416724,0.0424123158688672,1.96968349436,1.97460553732873,0.00492204296873133,49.9776064135921,-5.18888709777343e-10
3.15,0.281637476751926,0.0410277955070074,0.361010771144439,2.01332119295934,0.0402224563995453,1.96896816507523,1.97388990713687,0.0049217420616372,49.9926082655132,-5.30824051381273e-10
3.16,0.282951957472062,0.0410325010381896,0.35794418931979,2.01277155939321,0.0380152246103283,1.96824328182519,1.9731646533121,0.00492137148691252,50.0071421718598,-5.09196462772366e-10
3.17,0.284257768073235,0.0410370175107759,0.354839597501471,2.01220350695155,0.0357918458272075,1.96750883338625,1.97242975128132,0.0049209178950691,50.0210603932525,-4.88487916783242e-10
3.18,0.285554581157928,0.0410413026572557,0.351699207813471,2.01161667577314,0.0335535513743626,1.96676480955704,1.97168517080344,0.00492036124640727,50.0341513362564,-4.77694994671651e-10
3.19,0.286842076401446,0.041045316517269,0.348525249263827,2.01101072697151,0.0313015780507616,1.96601120115282,1.97093087961007,0.00491967845724273,50.046178365008,-4.77007100485594e-10
3.2,0.288119940451786,0.0410490214013355,0.345319966545951,2.01038534743732,0.029037167614117,1.965248,1.97016684776445,0.00491884776444529,50.0569243998757,-4.93671103996007e-10
3.21,0.28938786682767,0.0410523818852303,0.34208561877848,2.00974025424854,0.026761566272613,1.96447519893051,1.96939305164079,0.00491785271028489,50.0662311477517,-5.1657211841416e-10
3.22,0.290645555819634,0.0410553650244661,0.338824478167817,2.00907519792048,0.0244760241829115,1.9636927917763,1.96860947656733,0.00491668479103358,50.0740236110873,-5.59800206190175e-10
3.23,0.291892714394696,0.0410579408985367,0.335538828594948,2.00838996401339,0.022181794950734,1.96290077336375,1.96781611754197,0.00491534417821793,50.0803145017463,-5.9346128011839e-10
3.24,0.293129056101272,0.041060083485702,0.332230964143667,2.0076843730087,0.0198801351292896,1.96209913950815,1.96701297793238,0.00491383842422866,50.0851883955621,-6.1702354337001e-10
3.25,0.294354300968658,0.0410617717609791,0.328903187596957,2.00695827876257,0.017572303711239,1.9612878870081,1.96620006657723,0.00491217956912959,50.0887705122526,-6.26045881801929e-10
3.26,0.295568175395161,0.0410629908306125,0.325557808929215,2.00621156614528,0.0152595616112821,1.96046701364,1.96537739408511,0.00491038044510805,50.0911886237491,-6.14154505029774e-10
3.27,0.296770412020477,0.0410637328842648,0.322197143816117,2.0054441486122,0.0129431711390396,1.95963651815245,1.96454496929576,0.00490845114330574,50.0925379738143,-5.87132564788817e-10
3.28,0.297960749580745,0.0410639977695004,0.318823512172695,2.00465596639275,0.0106243954643495,1.95879640026074,1.96370279678588,0.00490639652514324,50.0928579154573,-5.53044277040726e-10
3.29,0.299138932747709,0.0410637930639205,0.315439236718241,2.00384698575524,0.00830449807924586,1.95794666064125,1.96285087600181,0.00490421536056007,50.0921256673233,-5.10072428738795e-10
3.3,0.300304711955689,0.041063133619434,0.312046641557648,2.00301719947217,0.00598474226208554,1.95708730092593,1.96198920216877,0.00490190124284529,50.0902680692468,-4.8064530133729e-10
3.31,0.301457843221142,0.0410620406572364,0.30864805076458,2.00216662825606,0.00366639054895284,1.95621832369671,1.96111776866808,0.00489944497137129,50.0871875973517,-4.72363481662796e-10
3.32,0.302598087958998,0.0410605405726287,0.305245786954284,2.00129532265845,0.001350704216315,1.95533973248,1.96023657021519,0.00489683773519101,50.0827954429533,-4.87204498966776e-10
3.33,0.303725212798289,0.0410586636497026,0.301842169840529,2.00040336478478,-0.00096105722332762,1.95445153174106,1.95934560599116,0.00489407425009913,50.0770429061462,-5.22160981120123e-10
3.34,0.304838989397373,0.0410564428774297,0.298439514780151,1.99949086921102,-0.00326763651336494,1.95355372687852,1.95844488192135,0.00489115504283366,50.0699430753076,-5.54205570324484e-10
3.35,0.305939194257066,0.041053913005739,0.295040131316547,1.99855798267762,-0.00556777913512337,1.95264632421875,1.95753441153788,0.0048880873191306,50.061577483971,-6.04444938545612e-10
3.36,0.307025608529017,0.0410511098984872,0.291646321737507,1.99760488242933,-0.00786023378378349,1.95172933101037,1.95661421523684,0.00488488422647371,50.0520863778256,-6.31751984059292e-10
3.37,0.30809801781681,0.041048070150746,0.288260379662048,1.99663177339193,-0.010143752841936,1.95080275541866,1.95568431815313,0.00488156273447404,50.0416454097799,-6.46191544717567e-10
3.38,0.309156211968676,0.0410448308649719,0.284884588665477,1.99563888464163,-0.0124170928535854,1.94986660652,1.954744747213,0.00487814069300363,50.0304348698189,-6.3806604444494e-10
3.39,0.310199984862748,0.0410414294411548,0.281521220943512,1.99462646576971,-0.01467901499995,1.94892089429634,1.95379552811106,0.00487463381471964,50.0186092177217,-6.15709261353459e-10
3.4,0.311229134187807,0.041037903239169,0.278172536008356,1.99359478373985,-0.0169282855764405,1.94796562962963,1.95283668294963,0.00487105332000448,50.006274329456,-5.77708103577379e-10
3.41,0.312243461223902,0.0410342890148561,0.274840779403748,1.99254412068417,-0.0191636764689606,1.94700082429625,1.95186822908447,0.00486740478822156,49.9934776577559,-5.31751975785255e-10
3.42,0.313242770627412,0.0410306221019621,0.271528181425273,1.99147477283265,-0.0213839656267591,1.94602649096148,1.95089017939808,0.0048636884365949,49.9802130811821,-5.07499819946133e-10
3.43,0.314226870224285,0.0410269353913126,0.268236955835451,1.99038705048169,-0.0235879375295751,1.94504264317394,1.9499025438546,0.00485990068066644,49.9664384559739,-4.86721329906459e-10
3.44,0.315195570813261,0.0410232582252986,0.264969298570851,1.98928127866016,-0.0257743836476464,1.94404929536,1.94890533187534,0.0048560365153425,49.9521007827716,-4.9379789146542e-10
3.45,0.316148685978763,0.0410196153635549,0.261727386446765,1.98815779800074,-0.0279421028949383,1.94304646281829,1.94789855488585,0.00485209206756387,49.9371621831716,-5.22005993985886e-10
3.46,0.317086031911385,0.0410160261751176,0.258513375872,1.987016965309,-0.030089902077677,1.94203416171407,1.94688222837065,0.00484806665657511,49.9216199660329,-5.54090107129923e-10
3.47,0.31800742723309,0.041012504174498,0.255329401589525,1.98585915343851,-0.032216596341604,1.94101240907375,1.94585637292479,0.00484396385104291,49.9055158428528,-6.15470785447769e-10
3.48,0.318912692824674,0.041009056955384,0.252177575456775,1.9846847502904,-0.0343210096220958,1.93998122277926,1.94482101406568,0.00483979128642198,49.8889322896706,-6.59674093128615e-10
3.49,0.319801651654721,0.0410056865000506,0.249059985272662,1.9834941570092,-0.0364019751012452,1.93894062156255,1.94377618089725,0.00483555933470226,49.8719774429482,-6.59794441304484e-10
3.5,0.320674128611404,0.0410023897764788,0.245978693649348,1.98228778567025,-0.0384583356747726,1.937890625,1.94272190400855,0.00483127900854763,49.8547627972975,-6.60135501817649e-10
3.51,0.321529950340907,0.0409991594941708,0.242935736916067,1.98106605689353,-0.0404889444310507,1.9368312535069,1.94165821316951,0.00482695966261626,49.8373796551446,-6.86198653454539e-10
3.52,0.322368945098976,0.0409959848731492,0.239933124046133,1.97982939785916,-0.0424926651376859,1.93576252833185,1.94058513544333,0.00482260711148252,49.8198806342433,-6.97248481174029e-10
3.53,0.323190942618001,0.0409928523307174,0.236972835563664,1.97857824104526,-0.0444683727462827,1.93468447155125,1.9395026941317,0.00481822258045161,49.8022702973242,-7.0503380911191e-10
3.54,0.323995773998907,0.0409897459983079,0.234056822448312,1.97731302392895,-0.0464149538966021,1.9335971060637,1.93841090887925,0.00481380281554555,49.7845078643853,-6.75406841565973e-10
3.55,0.324783271626295,0.0409866480877335,0.231187005001506,1.97603418955442,-0.0483313074326744,1.93250045558449,1.93730979682197,0.00480934123747812,49.7665204533935,-6.50873577257016e-10
3.56,0.325553269108957,0.04098353915005,0.228365271699835,1.97474218773166,-0.0502163449189748,1.93139454464,1.93619937449751,0.00480482985751407,49.7482235966376,-6.49091447257888e-10
3.57,0.326305601241225,0.040980398327771,0.22559347803724,1.973437476453,-0.0520689911625609,1.93027939856218,1.9350796600028,0.00480026144062129,49.7295435813067,-6.72935485113157e-10
3.58,0.327040103981114,0.0409772036970934,0.222873445384234,1.97212052309828,-0.0538881847382485,1.92915504348296,1.93395067487024,0.00479563138727723,49.7104361748523,-7.01426028371088e-10
3.59,0.327756614439901,0.0409739327804947,0.220206959884622,1.97079180506,-0.0556728785190715,1.92802150632875,1.93281244521147,0.00479093888272231,49.6908972813172,-7.56644524813055e-10
3.6,0.32845497087937,0.0409705632630476,0.217595771408193,1.96945180958093,-0.0574220402131193,1.92687881481481,1.93166500188494,0.00478618707012513,49.6709633309877,-8.01160027208425e-10
3.61,0.329135012715122,0.0409670738902578,0.215041592567275,1.96810103279559,-0.0591346529080201,1.92572699743977,1.93050837969877,0.00478138225900038,49.6507018738591,-8.19308176858158e-10
3.62,0.329796580527316,0.0409634454736456,0.212546097792436,1.96673997815789,-0.060809715624178,1.92456608348,1.92934261590287,0.00477653242286591,49.6301952982056,-8.51164916326752e-10
3.63,0.330439516082459,0.0409596618860823,0.210110922460726,1.96536915458739,-0.0624462438714446,1.92339610298412,1.92816774841866,0.00477164543454278,49.6095224756196,-9.96827953514412e-10
3.64,0.331063662372198,0.0409557109462104,0.207737662040023,1.96398907466035,-0.064043270217893,1.92221708676741,1.92698381423292,0.00476672746551343,49.5887427425017,-1.03052721911467e-09
3.65,0.331668863673914,0.0409515850696658,0.205427871247516,1.96260025319555,-0.0655998448564281,1.92102906640625,1.92579084842534,0.00476178201909283,49.5678869267335,-1.03273123386316e-09
3.66,0.33225496563723,0.0409472816407745,0.20318306319691,1.96120320638731,-0.0671150361733059,1.91983207423259,1.92458888402789,0.00475680979530169,49.5469571863379,-9.03104702132396e-10
3.67,0.332821815397665,0.0409428030928134,0.201004708532814,1.95979845149754,-0.0685879313141167,1.91862614332838,1.92337795273757,0.00475180940918607,49.5259355810148,-9.0128438046122e-10
3.68,0.333369261716003,0.0409381567360495,0.198894234560582,1.95838650694741,-0.0700176367447527,1.91741130752,1.92215808628134,0.00474677876133889,49.5047990017126,-8.84249118371372e-10
3.69,0.333897155138536,0.0409333544248639,0.196853024386411,1.95696789249617,-0.0714032788089894,1.91618760137273,1.92092931802701,0.00474171665428114,49.4835360983972,-8.99772700790891e-10
3.7,0.334405348171981,0.0409284121482447,0.194882416097894,1.95554312920039,-0.0727440042778687,1.91495506018519,1.91969168444499,0.00473662425980192,49.4621620830972,-9.07058428367691e-10
3.71,0.334893695467865,0.0409233496329477,0.192983702001767,1.95411273885524,-0.0740389808957032,1.91371371998375,1.91844522603027,0.00473150604651629,49.4407274829907,-9.20783449487317e-10
3.72,0.335362054012345,0.0409181900092778,0.191158127936173,1.95267724275292,-0.0752873979230695,1.91246361751704,1.91718998746683,0.00472636994978881,49.4193188098154,-9.81484227224882e-10
3.73,0.335810283320213,0.0409129595543722,0.189406892663433,1.9512371597259,-0.0764884666785283,1.91120479025032,1.91592601698416,0.00472122673383346,49.3980508981775,-9.90278969936753e-10
3.74,0.336238245632013,0.0409076874854433,0.187731147344137,1.94979300365505,-0.0776414210730252,1.90993727636,1.91465336511073,0.00471608875072627,49.377053318187,-9.86854153950389e-10
3.75,0.336645806121935,0.0409024057353669,0.186131995062103,1.94834528068969,-0.07874551814578,1.90866111472801,1.9133720831385,0.00471096841048846,49.3564542573626,-9.71148494954832e-10
3.76,0.337032833120572,0.0408971486435701,0.184610490382926,1.94689448649977,-0.0798000385969182,1.9073763449363,1.91208222168414,0.00470587674784073,49.3363659272334,-9.45573397359567e-10
3.77,0.337399198358142,0.0408919525018612,0.183167638921645,1.94544110384574,-0.0808042873165081,1.90608300726125,1.9107838296916,0.00470082243035397,49.3168749775107,-9.25893139935852e-10
3.78,0.337744777232198,0.0408868549254674,0.181804396901807,1.94398560064718,-0.0817575939097175,1.90478114266815,1.90947695408589,0.00469581141774333,49.2980399063374,-9.19437859181471e-10
3.79,0.338069449101624,0.0408818940540618,0.180521670698045,1.94252842861506,-0.0826593132175688,1.9034707928056,1.90816164013633,0.004690847330725,49.2798958297953,-9.00350016763696e-10
3.8,0.338373097604975,0.0408771076346311,0.179320316367179,1.94107002234866,-0.0835088258335571,1.902152,1.90683793237624,0.00468593237623982,49.2624647753417,-8.80993056284751e-10
3.81,0.338655610998592,0.0408725320663825,0.17820113918265,1.93961079868893,-0.0843055386170222,1.90082480724995,1.90550587578798,0.00468106853802808,49.2457683242056,-8.92404372621058e-10
3.82,0.338916882509711,0.0408682014930593,0.177164893191262,1.93815115609838,-0.0850488852044654,1.89948925822074,1.90416551693501,0.00467625871427058,49.2298392361702,-9.17834697133912e-10
3.83,0.339156810698595,0.0408641470281913,0.176212280812011,1.93669147383047,-0.0857383265204184,1.89814539723875,1.90281690471528,0.00467150747653022,49.2147287350547,-9.42739220022304e-10
3.84,0.339375299825911,0.0408603961674984,0.17534395248986,1.93523211075217,-0.0863733512891129,1.89679326928593,1.90146009054288,0.00466682125695539,49.2005076111832,-9.90221238339473e-10
3.85,0.339572260223853,0.0408569724094872,0.174560506407507,1.93377340379575,-0.0869534765481099,1.89543291999421,1.90009512791062,0.00466220791640315,49.1872608638543,-9.96244864381879e-10
3.86,0.339747608672317,0.0408538950656525,0.173862488246677,1.9323156661462,-0.0874782481643648,1.89406439564,1.89872207145695,0.00465767581695431,49.1750773820991,-9.95184379348757e-10
3.87,0.339901268783588,0.0408511792136874,0.173250390982063,1.93085918536504,-0.0879472413523663,1.89268774313856,1.8973409757838,0.00465323264523354,49.1640373864881,-9.85454384760942e-10
3.88,0.340033171400298,0.0408488357319037,0.172724654685175,1.92940422169568,-0.0883600611941332,1.89130301003852,1.89595189433123,0.00464888429271593,49.1542008795254,-9.44139877390171e-10
3.89,0.3401432550109,0.0408468713572862,0.172285666317904,1.92795100677583,-0.0887163431596725,1.88991024451625,1.8945548785917,0.00464463407544558,49.1456000037048,-9.11427378014196e-10
3.9,0.340231466185403,0.040845288727888,0.171933759500875,1.92649974290595,-0.0890157536271125,1.88850949537037,1.89314997785089,0.00464048248052373,49.1382371226813,-8.66754668038539e-10
3.91,0.34029776003154,0.0408440863993142,0.171669214252229,1.92505060291166,-0.0892579904014573,1.88710081201616,1.89173723950215,0.00463642748599691,49.1320889207244,-8.69656346935699e-10
3.92,0.340342100668812,0.0408432588548282,0.171492256703155,1.92360373052163,-0.089442783231213,1.88568424448,1.89031670983416,0.0046324653541574,49.1271152853702,-8.64663007860145e-10
3.93,0.340364461715519,0.0408427965517939,0.171403058805629,1.92215924108669,-0.0895698943222509,1.88425984339384,1.88888843507251,0.00462859167867014,49.123270533403,-8.65350457956993e-10
3.94,0.340364826782672,0.0408426860563839,0.171401738052611,1.92071722242238,-0.0896391188480983,1.88282765998963,1.88745246240282,0.00462480241318897,49.1205140749038,-8.65632898694457e-10
3.95,0.340343189968981,0.0408429103129239,0.17148835722987,1.91927773556755,-0.0896502854560863,1.88138774609375,1.88600884071861,0.00462109462485638,49.1188178644341,-8.67119709369035e-10
3.96,0.340299556352234,0.0408434490736583,0.171662924213723,1.9178408153129,-0.0896032567680087,1.87994015412148,1.88455762092011,0.00461746679863251,49.1181689383694,-8.6864471171566e-10
3.97,0.340233942474712,0.0408442794859165,0.171925391819767,1.91640647045053,-0.0894979298737751,1.87848493707144,1.88309885571617,0.00461391864473959,49.1185667067154,-8.69710525819301e-10
3.98,0.340146376822549,0.0408453768044089,0.172275657698777,1.91497468379594,-0.0893342368159101,1.87702214852,1.88163259901174,0.00461045049173925,49.1200160376432,-8.69046168361365e-10
3.99,0.340036900302308,0.0408467151743082,0.172713564267841,1.91354541211792,-0.0891121450634313,1.87555184261579,1.88015890507052,0.00460706245473586,49.1225182560595,-8.31509083809578e-10
4,0.339905566708607,0.0408482684032428,0.173238898662341,1.91211858614981,-0.0888316579667538,1.87407407407407,1.87867782770676,0.00460375363268439,49.1260627733368,-8.1180751010379e-10
4.01,0.339752443201047,0.0408500106925197,0.173851392692839,1.91069411084501,-0.0884928152021157,1.87258889817125,1.87718941970032,0.00460052152906854,49.1306213690645,-8.07983902006981e-10
4.02,0.339577610674213,0.0408519172408406,0.174550722800117,1.90927186599349,-0.0880956931376631,1.87109637073926,1.87569373262755,0.00459736188828863,49.1361470155186,-7.98205057606083e-10
4.03,0.339381163872626,0.0408539647190139,0.175336510006299,1.90785170721286,-0.08764040504283,1.86959654816005,1.87419081710995,0.00459426894990256,49.1425771399256,-7.66790186901289e-10
4.04,0.339163211406863,0.0408561316178552,0.176208319869204,1.9064334672562,-0.087127101223052,1.86808948736,1.8726807234346,0.00459123607459855,49.1498407262598,-7.26521065530505e-10
4.05,0.338923875760693,0.0408583984924222,0.177165662453736,1.90501695749936,-0.0865559691283442,1.8665752458044,1.87116350239392,0.00458825658952344,49.1578675000109,-6.46747544408299e-10
4.06,0.338663293289847,0.0408607481412149,0.178207992336972,1.9036019694244,-0.08592723343833,1.86505388149185,1.86963920612279,0.00458532463093864,49.1665967896485,-5.69961855489964e-10
4.07,0.338381614208195,0.0408631657597865,0.179334708663433,1.90218827593049,-0.0852411561227182,1.86352545294875,1.86810788872467,0.00458243577592499,49.1759838850426,-5.61772850460329e-10
4.08,0.338079002559106,0.0408656390938516,0.18054515525964,1.90077563234062,-0.0844980364782711,1.8619900192237,1.8665696065307,0.00457958730699803,49.1860023327426,-5.57546897539396e-10
4.09,0.337755636170442,0.0408681586014292,0.181838620814151,1.89936377707689,-0.0836982111391438,1.86044763988199,1.86502441795546,0.00457677807346757,49.1966419086969,-5.55147039449366e-10
4.1,0.337411706594926,0.0408707176057304,0.183214339116066,1.89795243201484,-0.0828420540629289,1.858898375,1.86347238298025,0.00457400798024521,49.2079027428765,-5.54760681836797e-10
4.11,0.337047419037079,0.0408733124106223,0.184671489347308,1.89654130265514,-0.0819299764869628,1.85734228515968,1.86191356243166,0.00457127727198237,49.2197874812849,-5.46350520380656e-10
4.12,0.336662992272524,0.0408759423321677,0.186209196405381,1.89513007825084,-0.0809624268614639,1.85577943144296,1.86034801724363,0.00456858580067099,49.2322935376786,-5.32573984912688e-10
4.13,0.336258658560202,0.0408786096153892,0.187826531254521,1.89371843204992,-0.0799398907523365,1.85420987542625,1.858775807895,0.00456593246874659,49.2454074504351,-5.24908116972256e-10
4.14,0.335834663550916,0.0408813192083918,0.189522511291517,1.89230602175884,-0.07886289071754,1.85263367917481,1.85719699415888,0.00456331498406692,49.2591027195347,-5.09355224664887e-10
4.15,0.335391266192793,0.0408840783957894,0.191296100723864,1.8908924902682,-0.0777319861580956,1.85105090523727,1.85561163520554,0.00456072996827595,49.2733414387062,-4.99172259083025e-10
4.16,0.334928738631941,0.0408868963107171,0.193146210967125,1.88947746660997,-0.0765477731427478,1.84946161664,1.85401979001044,0.00455817337043629,49.2880790944925,-4.78618034094325e-10
4.17,0.334447366106671,0.040889783364275,0.195071701068057,1.88806056705456,-0.0753108842088493,1.84786587688162,1.85242151793914,0.00455564105751649,49.3032710589903,-4.80714135164817e-10
4.18,0.333947446832344,0.0408927506432552,0.197071378165217,1.88664139621812,-0.0740219881400759,1.84626374992741,1.85081687933065,0.00455312940323815,49.3188788291203,-4.94710938880871e-10
4.19,0.333429291874648,0.040895809324153,0.199143997995855,1.8852195480594,-0.0726817897221924,1.84465530020375,1.84920593591263,0.00455063570887515,49.3348742528796,-5.18897813606145e-10
4.2,0.332893225009759,0.0408989701409952,0.201288265455262,1.88379460668347,-0.0712910294769872,1.84304059259259,1.84758875093097,0.00454815833837441,49.3512405580609,-5.38393329918563e-10
4.21,0.332339582571388,0.0409022429271315,0.203502835208598,1.88236614693163,-0.0698504833747629,1.84141969242588,1.84596538895574,0.00454569652986003,49.3679698846063,-5.68698865777151e-10
4.22,0.331768713285819,0.0409056362320496,0.205786312350728,1.88093373480393,-0.0683609625251543,1.83979266548,1.84433591541221,0.00454324993221356,49.3850579544998,-5.67001556817104e-10
4.23,0.331180978097095,0.0409091569974772,0.208137253105477,1.87949692781916,-0.0668233128461715,1.83815957797023,1.84270039596101,0.00454081799077577,49.4024972948497,-5.66926061651429e-10
4.24,0.330576749984657,0.0409128102690635,0.210554165555081,1.87805527544313,-0.0652384147112414,1.83652049654519,1.84105889588546,0.004538399340279,49.4202707496136,-5.45389511330541e-10
4.25,0.329956413775464,0.0409165989205355,0.21303551039171,1.87660831971161,-0.063607182574469,1.83487548828125,1.83941147963933,0.00453599135808469,49.4383469054559,-5.1743320739206e-10
4.26,0.329320365951577,0.0409205233763198,0.215579701687108,1.87515559613565,-0.0619305645742341,1.83322462067704,1.83775821065987,0.00453358998283182,49.4566784957664,-5.04254416000549e-10
4.27,0.328669014453191,0.040924581333197,0.218185107680507,1.8736966349228,-0.0602095421156074,1.83156796164782,1.83609915148252,0.00453118983469336,49.4752040762272,-5.03044716992918e-10
4.28,0.328002778475932,0.0409287674974609,0.220850051589392,1.87223096247908,-0.0584451294321937,1.82990557952,1.83443436410892,0.00452878458892436,49.4938523501633,-4.99367658335359e-10
4.29,0.327322088260507,0.0409330733663005,0.223572812450948,1.87075810310701,-0.0566383731275121,1.82823754302551,1.83276391051783,0.00452636749232149,49.5125478799008,-4.99705166134845e-10
4.3,0.326627384872623,0.0409374870868781,0.226351626002337,1.86927758078848,-0.0547903516959926,1.8265639212963,1.83108785317739,0.00452393188109546,49.5312166258397,-5.0108184268538e-10
4.31,0.325919119971475,0.040941993423185,0.229184685606778,1.86778892094271,-0.052902175023191,1.82488478385875,1.82940625542261,0.00452147156385818,49.5497898591505,-5.19765563922192e-10
4.32,0.325197755565736,0.0409465738491599,0.232070143229588,1.86629165208249,-0.0509749838643303,1.82320020062815,1.82771918160588,0.00451898097772863,49.5682055173897,-5.3289284096536e-10
4.33,0.324463763757096,0.0409512067687539,0.235006110463999,1.86478530734253,-0.0490099493004536,1.8215102419031,1.82602669699774,0.00451645509463883,49.5864068409316,-5.33290744897386e-10
4.34,0.323717626471454,0.0409558678528255,0.237990659606422,1.86326942590023,-0.047008272169755,1.81981497836,1.82432886747189,0.0045138891118881,49.6043387490372,-5.34992494749531e-10
4.35,0.322959835179428,0.0409605304582352,0.241021824774377,1.8617435543651,-0.044971182474144,1.81811448104745,1.8226257590895,0.00451127804204687,49.6219432736109,-5.33889377152263e-10
4.36,0.322190890606581,0.0409651660964201,0.24409760306562,1.86020724822567,-0.0428999387581682,1.81640882138074,1.82091743770796,0.00450861632722344,49.6391554254814,-5.10395281594356e-10
4.37,0.321411302435418,0.0409697449169749,0.247215955750125,1.8586600734225,-0.0407958274635428,1.81469807113625,1.81920396872156,0.00450589758530828,49.6559006469524,-4.61962912368108e-10
4.38,0.320621589000428,0.0409742361755899,0.250374809489936,1.85710160809364,-0.0386601622618635,1.81298230244593,1.81748541701482,0.00450311456889652,49.6720946696874,-4.13418632660978e-10
4.39,0.319822276969074,0.0409786086847911,0.253572057615204,1.85553144452848,-0.0364942833467452,1.81126158779171,1.81576184716852,0.00450025937680376,49.687646140297,-3.84689613497358e-10
4.4,0.319013901015102,0.0409828312331815,0.256805561430946,1.85394919124563,-0.0342995567060337,1.809536,1.8140333238534,0.00449732385339874,49.7024612184109,-3.62490482075373e-10
4.41,0.318197003480277,0.0409868729895813,0.260073151570098,1.85235447511171,-0.0320773733665408,1.80780561223606,1.81229991231544,0.00449430007937557,49.7164490374053,-3.93347576732594e-10
4.42,0.317372134027341,0.0409907039027027,0.263372629381695,1.85074694337159,-0.0298291486218907,1.80607049799852,1.81056167881642,0.00449118081790223,49.7295265270581,-4.04156708100345e-10
4.43,0.316539849275699,0.0409942951181722,0.266701768388114,1.84912626554631,-0.0275563212204502,1.80433073111375,1.80881869096681,0.00448795985306072,49.7416219391764,-4.16568113337235e-10
4.44,0.315700712427247,0.0409976194074414,0.270058315781778,1.84749213508507,-0.0252603525339608,1.80258638573037,1.80707101784763,0.00448463211726247,49.7526759843095,-4.25519175450972e-10
4.45,0.314855292879734,0.0410006516066334,0.27343999397168,1.84584427076195,-0.0229427256975304,1.80083753631366,1.80531872991705,0.0044811936033915,49.7626406141517,-4.32851976484017e-10
4.46,0.314004165829377,0.041003369045267,0.276844502172961,1.84418241784264,-0.0206049447226711,1.79908425764,1.80356189875059,0.00447764111059268,49.7714760542118,-4.36672920045567e-10
4.47,0.313147911864078,0.0410057519370698,0.280269518034012,1.84250634907086,-0.0182485335842989,1.79732662479134,1.80180059669605,0.00447397190471022,49.7791470236751,-4.38131309010714e-10
4.48,0.312287116548224,0.0410077837057206,0.283712699297279,1.84081586555779,-0.015875035281911,1.79556471314963,1.80003489655652,0.00447018340689165,49.7856193993252,-4.33763247542629e-10
4.49,0.311422369999722,0.0410094512196004,0.287171685491139,1.83911079762723,-0.013486010875722,1.79379859839125,1.79826487138354,0.00446627299228908,49.7908582057802,-4.24687840450133e-10
4.5,0.310554266460014,0.0410107449214645,0.290644099649825,1.83739100566281,-0.0110830384998014,1.79202835648148,1.79649059444339,0.00446223796190925,49.7948275725704,-4.02385680331463e-10
4.51,0.309683403857189,0.0410116588490657,0.294127550060979,1.83565638095477,-0.00866771235341185,1.79025406366894,1.79471213936085,0.00445807569190992,49.7974926401067,-4.01485067413887e-10
4.52,0.308810383362532,0.0410121905583538,0.297619632039458,1.83390684650929,-0.00624164167265332,1.78847579648,1.79292958039422,0.00445378391422269,49.7988228432151,-4.06879863135146e-10
4.53,0.307935808940826,0.0410123409688905,0.301117929726136,1.83214235775575,-0.00380644968402139,1.78669363171329,1.79114299275962,0.00444936104633409,49.7987956242741,-4.11150224977064e-10
4.54,0.307060286894889,0.0410121141547723,0.304620017909737,1.83036290307853,-0.00136377254107527,1.78490764643407,1.78935245290994,0.00444480647586176,49.7973995245934,-4.18616252773063e-10
4.55,0.306184425405268,0.0410115171035067,0.308123463868074,1.82856850411306,0.00108474175445284,1.78311791796875,1.78755803868764,0.00444012071889444,49.7946357803436,-4.27423429982809e-10
4.56,0.305308834066126,0.0410105594580942,0.311625829224495,1.82675921577449,0.00353743444626706,1.78132452389926,1.78575982930618,0.00443530540692105,49.7905179714264,-4.84513762444294e-10
4.57,0.304434123418499,0.0410092532485848,0.315124671814855,1.82493512602573,0.00599263713098429,1.77952754205755,1.78395790516164,0.00443036310409139,49.7850698025445,-5.26345189655331e-10
4.58,0.303560904482044,0.0410076126105298,0.318617547560525,1.82309635542776,0.00844867287858996,1.77772705052,1.78215234752158,0.00442529700158034,49.7783215874274,-5.23380450090372e-10
4.59,0.30268978828608,0.0410056534819666,0.322102012344237,1.82124305654124,0.0109038573651451,1.7759231276019,1.78034323816901,0.004420110567112,49.7703063380209,-5.3055337900787e-10
4.6,0.301821385400622,0.0410033932692136,0.32557562388592,1.81937541325589,0.0133565000163649,1.77411585185185,1.77853065908843,0.00441480723657439,49.7610564290005,-5.24087440112453e-10
4.61,0.30095630546778,0.0410008504756953,0.32903594361714,1.81749364011281,0.0158049051608223,1.77230530204625,1.77671469226526,0.00440939021901054,49.7506016055075,-5.04595476513714e-10
4.62,0.300095156733689,0.0409980442957355,0.332480538553358,1.81559798165921,0.0182473731915355,1.7704915571837,1.77489541963634,0.00440386245263147,49.7389687085036,-4.88473261839317e-10
4.63,0.29923854557699,0.040994994180471,0.335906983180006,1.81368871183582,0.0206822017465839,1.76867469647949,1.77307292318477,0.00439822670527867,49.7261829892466,-4.72800465445289e-10
4.64,0.298387076058692,0.0409917194181885,0.339312861253051,1.81176613340254,0.0231076868385898,1.76685479936,1.77124728513988,0.00439248577987805,49.7122705294866,-4.71075622954231e-10
4.65,0.297541349435946,0.0409882386989722,0.342695767743887,1.80983057728272,0.0255221240960132,1.76503194545718,1.76941858819759,0.00438664274041756,49.6972607880397,-4.70349093006917e-10
4.66,0.296701963713817,0.0409845697573616,0.346053310632256,1.80788240186772,0.0279238099089271,1.76320621460296,1.76758691570145,0.0043807010984851,49.6811886149859,-4.7084114385143e-10
4.67,0.295869513183457,0.0409807290631869,0.349383112753546,1.80592199217837,0.0303110426269403,1.76137768682375,1.76575235171458,0.00437466489083072,49.6640949723813,-4.7315218409949e-10
4.68,0.295044587969041,0.0409767315919109,0.352682813611063,1.80394975889735,0.0326821237483595,1.75954644233481,1.76391498096186,0.00436853862704067,49.6460261735235,-5.33814770165009e-10
4.69,0.29422777357648,0.0409725906698214,0.355950071181161,1.80196613727655,0.0350353591219775,1.75771256153477,1.76207488865035,0.00436232711557816,49.6270317792209,-6.55195009358067e-10
4.7,0.293419650451433,0.0409683178946439,0.359182563681201,1.79997158596955,0.0373690601409498,1.755876125,1.76023216021486,0.00435603521485572,49.6071617215415,-7.21248838431165e-10
4.71,0.292620793539878,0.0409639231111258,0.362377991327276,1.79796658583995,0.0396815449474591,1.75403721347912,1.7583868810587,0.00434966757957844,49.5864634603009,-7.3287509394504e-10
4.72,0.291831771853626,0.0409594144304634,0.365534078072134,1.7959516388035,0.041971139640302,1.75219590788741,1.75653913635642,0.00434322846901103,49.5649799212872,-7.15841608212031e-10
4.73,0.29105314804158,0.0409547982836751,0.368648573320171,1.79392726674637,0.0442361794817367,1.75035228930125,1.75468901096814,0.00433672166689325,49.5427487506243,-6.87494505768882e-10
4.74,0.290285477965065,0.0409500795010013,0.371719253626084,1.79189401053258,0.0464750101071262,1.74850643895259,1.75283658948423,0.00433015053164088,49.5198030531126,-6.90114632106997e-10
4.75,0.289529310278108,0.0409452614188297,0.374743924373768,1.78985242908761,0.0486859887345829,1.74665843822338,1.75098195638297,0.00432351815958665,49.4961733784471,-6.93605173296419e-10
4.76,0.288785186013273,0.0409403460203335,0.377720421432958,1.78780309852097,0.0508674853734781,1.74480836864,1.74912519625477,0.00431682761476559,49.471890394183,-6.95218105306594e-10
4.77,0.28805363817363,0.0409353341173904,0.380646612791383,1.78574661123428,0.0530178840318708,1.74295631186773,1.74726639402892,0.00431008216118678,49.446987507553,-7.01664504276778e-10
4.78,0.287335191332008,0.0409302255805329,0.383520400157726,1.78368357496545,0.0551355839215921,1.74110234970518,1.74540563514307,0.00430328543788749,49.4215027670172,-7.11160907940211e-10
4.79,0.28663036123831,0.0409250196174428,0.386339720532369,1.78161461173475,0.0572190006607605,1.73924656407875,1.74354300561711,0.00429644153836106,49.3954796351929,-7.19190040854301e-10
4.8,0.285939654435907,0.0409197150966302,0.389102547741832,1.77954035667376,0.0592665674723466,1.73738903703704,1.74167859201212,0.00428955497507877,49.3689664497866,-7.28171301034308e-10
4.81,0.285263567887492,0.0409143109021559,0.391806893935345,1.77746145674896,0.0612767363778506,1.73552985074532,1.73981248129619,0.00428263055086942,49.3420148636299,-7.44163841659429e-10
4.82,0.284602588609771,0.0409088062981513,0.394450811046084,1.7753785694198,0.0632479793864621,1.73366908748,1.73794476067442,0.00427567319442401,49.314677939281,-7.58994644911581e-10
4.83,0.283957193317641,0.0409032012872857,0.397032392214456,1.77329236125734,0.0651787896764756,1.73180682962301,1.73607551742063,0.00426868779761702,49.2870083350565,-7.49688311429964e-10
4.84,0.2833278480771,0.0408974969407869,0.399549773176473,1.77120350656582,0.0670676827684702,1.7299431596563,1.73420483877145,0.00426167911514996,49.2590572655498,-7.39841965469168e-10
4.85,0.282715007966748,0.0408916956860441,0.402001133617733,1.76911268602784,0.0689131976885777,1.72807816015625,1.73233281191312,0.00425465175686823,49.2308745539019,-7.24666548990172e-10
4.86,0.282119116748119,0.0408858015442048,0.404384698492101,1.76702058537177,0.0707138981199838,1.72621191378815,1.7304595240625,0.00424761027435183,49.2025097584438,-7.08423542050696e-10
4.87,0.281540606545256,0.0408798203162325,0.406698739303404,1.76492789404124,0.0724683735412915,1.7243445033006,1.72858506261926,0.00424055931865608,49.1740140760719,-7.08919145608888e-10
4.88,0.28097989753438,0.0408737597219476,0.408941575346764,1.7628353038302,0.0741752403502939,1.72247601152,1.72670951534305,0.00423350382304877,49.1454424710473,-7.21319892704742e-10
4.89,0.280437397644538,0.0408676294987579,0.411111574905985,1.7607435074436,0.0758331429721546,1.72060652134495,1.72483297050454,0.00422644915958248,49.1168554380753,-7.63375140877542e-10
4.9,0.27991350227036,0.0408614414652187,0.413207156402551,1.7586531969496,0.0774407549503898,1.71873611574074,1.72295551696555,0.00421940122480535,49.0883198987608,-8.2004270041125e-10
4.91,0.279408593997362,0.040855209553031,0.415226789494396,1.75656506210729,0.0789967800202679,1.71686487773375,1.7210772441642,0.00421236643044964,49.0599089806302,-8.69217586796367e-10
4.92,0.278923042340144,0.0408489498052399,0.417168996123119,1.75447978857506,0.0804999531634457,1.71499289040593,1.7191982420071,0.00420535160117819,49.0317007356446,-8.94484486479996e-10
4.93,0.278457203493117,0.040842680334952,0.41903235151108,1.75239805602659,0.0819490416432672,1.71312023688921,1.7173186006968,0.00419836380758953,49.003776150065,-9.09921027414384e-10
4.94,0.278011420093367,0.0408364212360814,0.420815485109934,1.75032053621208,0.0833428460193112,1.71124700036,1.71543841053549,0.0041914101754903,48.9762169360656,-8.8840224066189e-10
4.95,0.277586020994621,0.040830194439077,0.422517081504768,1.74824789101083,0.0846802011409386,1.70937326403356,1.71355776175388,0.00418449772031959,48.9491036685095,-8.27041546358487e-10
4.96,0.277181321051701,0.0408240235065421,0.424135881276302,1.74618077051297,0.0859599771184931,1.70749911115852,1.71167674440332,0.00417763324480336,48.9225146918196,-8.08890732173495e-10
4.97,0.276797620914174,0.0408179333746232,0.425670681826263,1.74411981114774,0.0871810802741264,1.70562462501125,1.70979544831853,0.00417082330727725,48.8965258553105,-8.15328249359482e-10
4.98,0.276435206830836,0.0408119500359428,0.427120338159466,1.74206563387486,0.0883424540652722,1.70374988889037,1.70791396316648,0.0041640742761071,48.8712112300368,-8.13107803310231e-10
4.99,0.276094350462785,0.0408061001917412,0.428483763631524,1.74001884241496,0.0894430799887674,1.70187498611116,1.70603237852617,0.00415739241501112,48.8466441341046,-8.15253642372227e-10
5,0.27577530870652,0.0408004108806918,0.429759930656437,1.7379800215023,0.0904819784617944,1.7,1.70415078397036,0.00415078397035762,48.8228981293211,-8.11377631748655e-10
5.01,0.275478323527535,0.0407949090980922,0.430947871372229,1.73594973514404,0.091458209679154,1.69812501388884,1.70226926911517,0.004144255226328,48.8000475940641,-8.08555000730848e-10
5.02,0.275203621806895,0.0407896214323594,0.432046678254641,1.73392852490534,0.0923708744392959,1.69625011110963,1.70038792362495,0.00413781251531575,48.7781677372138,-8.06732458613624e-10
5.03,0.274951415192372,0.0407845737047922,0.433055504712589,1.73191690812912,0.0932191149673634,1.69437537498875,1.69850683709501,0.00413146210625759,48.7573331793927,-8.03705546559286e-10
5.04,0.274721899965085,0.0407797906450559,0.433973565621587,1.72991537624391,0.0940021156961545,1.69250088884148,1.6966260989242,0.00412521008272027,48.7376164423137,-8.02760524720725e-10
5.05,0.274515256911101,0.0407752955812701,0.434800137837377,1.72792439308627,0.0947191040379076,1.69062673596644,1.69474579812593,0.00411906215949465,48.7190857501163,-8.06338107395277e-10
5.06,0.274331651201643,0.0407711101543618,0.43553456067506,1.72594439333116,0.0953693511307723,1.68875299964,1.69286602315587,0.00411302351587151,48.7018030794541,-8.09118105848938e-10
5.07,0.274171232281477,0.040767254056953,0.436176236355578,1.72397578108406,0.0959521725572633,1.68687976311079,1.69098686180639,0.00410709869560266,48.6858230308791,-8.11507305797932e-10
5.08,0.274034133760731,0.0407637447887562,0.436724630438414,1.72201892860867,0.0964669290485455,1.68500710959407,1.68910840114854,0.00410129155446404,48.6711922703389,-8.15171929957614e-10
5.09,0.27392047331247,0.0407605974396235,0.437179272231312,1.72007417522965,0.0969130271652677,1.68313512226625,1.68723072754569,0.00409560527943809,48.6579498114956,-8.18667800217554e-10
5.1,0.273830352575849,0.0407578245071442,0.437539755177647,1.71814182641004,0.0972899199549428,1.68126388425926,1.68535392672875,0.0040900424694934,48.6461279962145,-8.21833268105365e-10
5.11,0.273763857064302,0.0407554357562919,0.43780573722369,1.71622215297301,0.0975971075889633,1.67939347865505,1.68347808389275,0.00408460523770149,48.6357536821392,-8.25291834871678e-10
5.12,0.273721056079692,0.0407534381311205,0.437976941161981,1.71431539044885,0.0978341379775249,1.67752398848,1.68160328378298,0.0040792953029809,48.6268492662637,-8.26300805556457e-10
5.13,0.273702002632906,0.0407518357257093,0.438053154948977,1.71242173853101,0.0980006073619786,1.6756554966994,1.67972961074475,0.00407411404534819,48.6194332451609,-8.14125655779208e-10
5.14,0.273706733370903,0.0407506298161054,0.438034231996844,1.71054136062684,0.0980961608849305,1.67378808621185,1.6778571487186,0.00406906250674544,48.6135201192336,-8.18427992044235e-10
5.15,0.2737352685102,0.0407498189503444,0.437920091439507,1.7086743835052,0.0981204931374388,1.67192183984375,1.67598598118416,0.00406414134041033,48.6091196983825,-8.24865509230222e-10
5.16,0.273787611776781,0.0407493990924703,0.437710718373037,1.70682089705855,0.0980733486815748,1.6700568403437,1.6741161910725,0.00405935072880048,48.6062360650959,-8.13276557209974e-10
5.17,0.273863750351687,0.0407493638076721,0.437406164073263,1.70498095419822,0.0979545225481441,1.66819317037699,1.67224786067727,0.00405469030028272,48.6048665635649,-7.74893038624214e-10
5.18,0.27396365482172,0.0407497044763455,0.437006546192984,1.70315457089653,0.0977638607093557,1.66633091252,1.67038107158942,0.00405015906941641,48.605001103213,-7.25133730838934e-10
5.19,0.274087279135535,0.0407504105312803,0.43651204893758,1.70134172639855,0.097501260523472,1.66447014925468,1.66851590468267,0.00404575542799779,48.6066220940046,-6.86416257167366e-10
5.2,0.274234560564903,0.0407514697070565,0.435922923219959,1.69954236359981,0.0971666711514106,1.66261096296296,1.66665244015649,0.00404147719353043,48.6097050707139,-6.9292127591325e-10
5.21,0.274405419671635,0.0407528682975965,0.435239486792884,1.69775638957679,0.096760093944209,1.66075343592125,1.66479075762644,0.00403732170519189,48.6142198697574,-6.96040558523237e-10
5.22,0.274599760281183,0.0407545914206396,0.434462124354546,1.69598367625327,0.0962815827990849,1.65889765029481,1.6629309362457,0.00403328595088581,48.6201321476225,-6.96278590339716e-10
5.23,0.274817469463697,0.0407566232875222,0.433591287624342,1.69422406116568,0.0957312444838383,1.65704368813227,1.66107305482229,0.00402936669002374,48.6274048139083,-7.03067826179904e-10
5.24,0.275058417523395,0.0407589474774614,0.432627495385401,1.69247734830207,0.0951092389283889,1.65519163136,1.65921719190734,0.00402556054733938,48.6359990899133,-7.11384728901976e-10
5.25,0.275322457996993,0.04076154721431,0.431571333490861,1.69074330899791,0.0944157794820124,1.65334156177662,1.65736342583986,0.0040218640632359,48.6458750325802,-7.14031500592682e-10
5.26,0.275609427662548,0.0407644056388999,0.430423454828497,1.68902168287638,0.093651133132438,1.65149356104741,1.65551183474285,0.00401827369544572,48.6569914735253,-7.09778902319158e-10
5.27,0.275919146557322,0.0407675060615589,0.429184579249254,1.68731217880421,0.0928156206916248,1.64964771069875,1.65366249645913,0.00401478576038339,48.669305261675,-7.10201675246935e-10
5.28,0.276251418006141,0.0407708322102284,0.427855493453828,1.68561447597052,0.0919096169385612,1.64780409211259,1.65181548851891,0.00401139640632042,48.6827709197913,-7.07746750094884e-10
5.29,0.276606028659125,0.0407743684246561,0.426437050841748,1.68392822495331,0.0909335507273126,1.64596278652088,1.64997088805629,0.00400810153541364,48.6973397087823,-7.07892411355715e-10
5.3,0.276982748540067,0.040778099825021,0.42493017131783,1.68225304892544,0.0898879050496662,1.644123875,1.64812877179874,0.00400489679873561,48.7129596101997,-7.08038072616546e-10
5.31,0.27738133110462,0.0407820124265001,0.423335841059472,1.68058854491596,0.0887732170584111,1.64228743846523,1.64628921607696,0.00400177761172493,48.7295755542991,-6.84721612742578e-10
5.32,0.277801513308817,0.0407860932082885,0.421655112242535,1.6789342851475,0.0875900780492448,1.64045355766519,1.64445229686966,0.00399873920447091,48.7471300649549,-6.59206023101433e-10
5.33,0.278243015689348,0.0407903301387393,0.419889102720264,1.6772898184488,0.0863391333977041,1.63862231317625,1.64261808988281,0.00399577670656104,48.7655643048257,-6.40305586330214e-10
5.34,0.278705542455405,0.0407947121590057,0.418038995655889,1.67565467170271,0.0850210824543007,1.63679378539704,1.6407866706248,0.00399288522776198,48.7848190394563,-5.82765835588361e-10
5.35,0.279188781593696,0.0407992291315315,0.416106039102578,1.67402835132114,0.0836366783941898,1.63496805454282,1.6389581144654,0.00399005992257728,48.8048353788932,-5.4989257591842e-10
5.36,0.279692404986462,0.0408038717609229,0.414091545531368,1.67241034472781,0.082186728023486,1.63314520064,1.63713249665586,0.00398729601585868,48.8255550311127,-5.42151212812314e-10
5.37,0.280216068543182,0.0408086314897807,0.411996891304339,1.67080012184307,0.0806720915407288,1.63132530352051,1.63530989230536,0.00398458878484576,48.8469200228007,-5.31947819126799e-10
5.38,0.280759412346006,0.0408135003723168,0.409823516092898,1.66919713657712,0.0790936822533316,1.6295084428163,1.63349037632168,0.00398193350538834,48.8688719977168,-5.0105342097595e-10
5.39,0.281322060808749,0.0408184709268285,0.407572922241779,1.66760082834307,0.0774524662490962,1.62769469795375,1.63167402333105,0.00397932537729817,48.8913512837759,-4.55123938536417e-10
5.4,0.281903622849631,0.0408235359669156,0.405246674078102,1.66601062360798,0.0757494620216633,1.62588414814815,1.62986090759966,0.00397675945151144,48.9142960099693,-3.91231935736869e-10
5.41,0.282503692077267,0.040828688413357,0.40284639716741,1.66442593749805,0.0739857400510484,1.6240768723981,1.62805110297674,0.00397423057863944,48.9376415056298,-3.59634100277617e-10
5.42,0.28312184698984,0.0408339210898204,0.400373777516973,1.66284617546656,0.0721624223397622,1.62227294948,1.6262446828693,0.00397173338929613,48.9613201000174,-3.65748320518833e-10
5.43,0.283757651188742,0.0408392265068165,0.397830560721218,1.66127073503347,0.070280681900998,1.62047245794245,1.62444172025813,0.00396926231567352,48.9852614237631,-3.61367824552872e-10
5.44,0.284410653605877,0.0408445966438937,0.39521855105253,1.65969900758375,0.0683417422030084,1.61867547610074,1.62264228773811,0.00396681163737211,49.0093929897422,-3.57278651108572e-10
5.45,0.285080388745113,0.0408500227390552,0.392539610495438,1.65813038021185,0.066346876569635,1.61688208203125,1.62084645756669,0.00396437553544415,49.0336408540231,-3.60707019808615e-10
5.46,0.285766376939491,0.0408554950940441,0.389795657717778,1.6565642376045,0.0642974075331355,1.61509235356593,1.61905430170947,0.00396194814354889,49.0579302186629,-3.65659502676863e-10
5.47,0.286468124623419,0.040861002905449,0.386988666981921,1.65499996394334,0.0621947061430882,1.61330636828671,1.61726589186087,0.00395952357415275,49.0821857113703,-3.72875064158507e-10
5.48,0.287185124620557,0.0408665341273105,0.384120666993222,1.65343694482265,0.0600401912296046,1.61152420352,1.61548129943532,0.00395709591531901,49.1063312995971,-3.87778698041075e-10
5.49,0.287916856447505,0.0408720753688643,0.381193739685281,1.65187456918291,0.0578353286206026,1.60974593633106,1.6137005955324,0.00395465920133464,49.1302898915225,-4.01065847199789e-10
5.5,0.288662786633171,0.0408776118284793,0.37821001894247,1.65031223126599,0.0555816303132087,1.60797164351852,1.61192385088696,0.00395220736843793,49.1539827719454,-4.07869293894692e-10
5.51,0.289422369053728,0.0408831272625116,0.375171689260096,1.64874933260175,0.0532806535991574,1.60620140160875,1.61015113582168,0.00394973421293243,49.177329091108,-4.09801970135959e-10
5.52,0.290195045283066,0.0408886039872774,0.372080984342598,1.64718528403412,0.0509340001442025,1.60443528685037,1.60838252021874,0.00394723336836944,49.2002456099237,-4.05730560260054e-10
5.53,0.290980244958986,0.0408940229133181,0.36894018563877,1.64561950779063,0.0485433150207963,1.60267337520866,1.60661807352137,0.00394469831270827,49.2226468292816,-3.94436483475147e-10
5.54,0.291777386165748,0.0408993636121797,0.365751620811575,1.6440514395933,0.0461102856923929,1.60091574236,1.60485786476997,0.00394212240996716,49.2444455485874,-3.97317734268654e-10
5.55,0.292585875831792,0.0409046044134892,0.36251766214725,1.64248053079483,0.0436366409536438,1.59916246368634,1.60310196266536,0.00393949897901336,49.26555375081,-4.31100488640368e-10
5.56,0.293405110143844,0.040909722535813,0.359240724898897,1.64090625052365,0.0411241498233344,1.59741361426963,1.6013504356459,0.0039368213762665,49.2858836445808,-4.44106973418457e-10
5.57,0.294234474977863,0.0409146942530055,0.355923265562674,1.63932808781566,0.0385746203890441,1.59566926888625,1.59960335196082,0.00393408307456977,49.3053486394639,-4.46753745109163e-10
5.58,0.295073346345545,0.0409194950929918,0.352567780091795,1.63774555371215,0.0359898986075911,1.59392950200148,1.59786077972926,0.00393127772777624,49.3238641336789,-4.56285675909385e-10
5.59,0.295921090857665,0.040924100069674,0.349176802043172,1.63615818330643,0.0333718670569905,1.59219438776394,1.59612278697288,0.00392839920894517,49.3413479682747,-4.61824356534635e-10
5.6,0.296777066203721,0.0409284839423847,0.345752900658799,1.63456553772645,0.0307224436408707,1.590464,1.5943894416215,0.00392544162150088,49.3577205522164,-4.64805083311148e-10
5.61,0.29764062164617,0.0409326214932949,0.342298678888857,1.63296720605521,0.0280435802496486,1.58873841220829,1.59266081150945,0.00392239930116078,49.3729048911378,-4.70244287953392e-10
5.62,0.298511098530098,0.040936487817558,0.338816771352998,1.63136280718333,0.0253372613748821,1.58701769755407,1.59093696436818,0.00391926681411037,49.3868265870486,-4.76010342254085e-10
5.63,0.299387830807912,0.0409400586179682,0.335309842241594,1.62975199159049,0.0226055026772675,1.58530192886375,1.5892179678261,0.00391603896235249,49.3994139463305,-4.81389150763789e-10
5.64,0.300270145577784,0.0409433104942411,0.33178058316196,1.6281344430546,0.0198503495113112,1.58359117861926,1.58750388942988,0.00391271081061828,49.4105983717603,-4.87382578739926e-10
5.65,0.301157363635575,0.0409462212218421,0.328231710930649,1.62650988027947,0.0170738754068917,1.58188551895255,1.58579479668892,0.00390927773637606,49.4203150460708,-4.94523533234315e-10
5.66,0.302048800039719,0.0409487700159309,0.324665965313925,1.62487805842569,0.0142781805087461,1.58018502164,1.58409075713714,0.00390573549713524,49.4285038263692,-5.02200947494202e-10
5.67,0.30294376468834,0.0409509377768852,0.321086106719294,1.62323877052577,0.0114653899753926,1.5784897580969,1.58239183840145,0.00390208030455663,49.4351102112601,-5.10098630002176e-10
5.68,0.303841562907768,0.040952707315735,0.317494913841434,1.62159184876385,0.00863765233917346,1.57679979937185,1.58069810826406,0.00389830889220377,49.4400862131582,-5.18785014946843e-10
5.69,0.304741496051641,0.0409540635573545,0.313895181265793,1.61993716560075,0.00579713782879114,1.57511521614125,1.57900963470511,0.00389441856386474,49.4433909747441,-5.35727906481043e-10
5.7,0.305642862109205,0.0409549937198904,0.31028971703539,1.61827463473757,0.00294603665723942,1.5734360787037,1.57732648592511,0.00389040722140344,49.4449911238066,-5.54745582803662e-10
5.71,0.306544956322443,0.040955487465406,0.306681340182293,1.6166042118979,8.6557274724454e-05,1.57176245697449,1.575648730335,0.00388627336050673,49.4448607254299,-5.74640779404945e-10
5.72,0.307447071810208,0.0409555370196699,0.303072878231085,1.61492589543936,-0.0027790754093345,1.57009442048,1.57397643653051,0.00388201605050931,49.4429810454888,-5.92997650983307e-10
5.73,0.308348500198421,0.0409551372555733,0.299467164678087,1.61323972679277,-0.00564862183380812,1.56843203835218,1.57230967325676,0.00387763490458193,49.4393402085212,-6.13312067798688e-10
5.74,0.309248532255021,0.0409542857381452,0.29586703645154,1.61154579074091,-0.00851982962015521,1.56677537932296,1.57064850937973,0.00387313005677203,49.4339329553494,-6.3282357132266e-10
5.75,0.310146458528763,0.0409529827275339,0.292275331356421,1.60984421553317,-0.0113904354319008,1.56512451171875,1.56899301386616,0.00386850214740853,49.4267605148493,-6.54665655019926e-10
5.76,0.31104156999041,0.0409512311416654,0.288694885509688,1.60813517284559,-0.0142581668559145,1.56347950345481,1.56734325578092,0.00386375232610536,49.4178306999252,-6.77829348205705e-10
5.77,0.311933158675262,0.0409490364795254,0.285128530770134,1.6064188775798,-0.0171207443033776,1.56184042202977,1.56569930429558,0.00385888226580655,49.4071581359072,-7.02296887311604e-10
5.78,0.312820518325813,0.0409464067096891,0.281579092167783,1.60469558749885,-0.0199758829278454,1.56020733452,1.56406122870147,0.00385389418146986,49.3947645346767,-7.28480387124364e-10
5.79,0.313702945033257,0.0409433521290263,0.278049385337859,1.60296560269379,-0.0228212945578277,1.55858030757412,1.56242909841643,0.00384879084230749,49.3806788720766,-7.55669304908224e-10
5.8,0.314579737876627,0.0409398851968049,0.274542213964231,1.60122926487752,-0.0256546896415207,1.55695940740741,1.56080298297558,0.00384357556816894,49.364937351129,-7.84798004360709e-10
5.81,0.315450199558357,0.0409360203496295,0.271060367237162,1.599486956509,-0.0284737792013495,1.55534469979625,1.55918295200299,0.00383825220673906,49.347583114618,-8.13432876611841e-10
5.82,0.316313637035051,0.0409317738008482,0.267606617330241,1.59773909975064,-0.0312762767959094,1.55373625007259,1.5575690751615,0.00383282508891103,49.3286656798717,-8.43165537389723e-10
5.83,0.317169362142466,0.040927163328402,0.264183716900432,1.59598615527533,-0.0340599004873216,1.55213412311838,1.5559614220914,0.00382729897302325,49.3082402385502,-8.70681304832033e-10
5.84,0.318016692213555,0.0409222080532897,0.26079439661593,1.59422862093182,-0.0368223748113302,1.55053838336,1.55436006234175,0.00382167898174823,49.2863668726562,-8.98491947509683e-10
5.85,0.31885495068891,0.0409169282120193,0.257441362714365,1.59246703029129,-0.039561432748714,1.54894909476273,1.55276506531095,0.0038159705482177,49.2631098980462,-9.23535026231548e-10
5.86,0.319683467718426,0.0409113449258824,0.25412729459615,1.59070195108188,-0.0422748176948734,1.54736632082518,1.55117650019713,0.00381017937194228,49.2385373387681,-9.49185618992487e-10
5.87,0.320501580753865,0.0409054799715859,0.250854842454247,1.58893398352971,-0.0449602854269072,1.54579012457375,1.54959443596839,0.00380431139463933,49.2127206552269,-9.72573133140031e-10
5.88,0.321308635130965,0.0408993555581743,0.247626624945701,1.58716375860602,-0.0476156060645469,1.54422056855704,1.54801894134337,0.0037983727863331,49.1857345965198,-9.97584237438787e-10
5.89,0.322103984641058,0.0408929941156875,0.244445226905182,1.58539193619122,-0.0502385660251233,1.54265771484032,1.54645008478305,0.00379236994272736,49.1576571856606,-1.02080832675711e-09
5.9,0.322886992090653,0.0408864181016876,0.241313197106656,1.58361920315102,-0.052826969968458,1.541101625,1.5448879344775,0.00378630947750125,49.1285696258749,-1.04590469618415e-09
5.91,0.323657029849221,0.0408796498294146,0.238233046072235,1.58184627133455,-0.0553786427327382,1.53955236011801,1.54333255832866,0.00378019821064823,49.0985561457008,-1.06857811488226e-09
5.92,0.324413480383534,0.0408727113226681,0.235207243934838,1.58007387549208,-0.0578914312567048,1.5380099807763,1.54178402391574,0.00377404313944263,49.0677036142758,-1.09188036390151e-09
5.93,0.325155736779239,0.0408656241971021,0.23223821835187,1.57830277112857,-0.0603632064902008,1.53647454705125,1.54024239845404,0.00376785140279146,49.036101072249,-1.10670583808314e-09
5.94,0.325883203247965,0.0408584095707496,0.229328352476816,1.57653373229688,-0.0627918652876462,1.53494611850815,1.5387077487416,0.00376163023345533,49.0038391112702,-1.12173381694447e-09
5.95,0.326595295620979,0.0408510880001894,0.226479982984616,1.57476754934999,-0.0651753322869301,1.5334247541956,1.53718014111039,0.0037553869147875,48.9710093206844,-1.13497833353904e-09
5.96,0.327291441827738,0.0408436794434153,0.223695398157432,1.57300502665996,-0.0675115617678892,1.53191051264,1.5356596413817,0.00374912874169864,48.9377037976142,-1.14919984639528e-09
5.97,0.327971082360763,0.0408362032444904,0.220976836025183,1.57124698031935,-0.0697985394936852,1.53040345183995,1.53414631483956,0.00374286299960791,48.9040148930147,-1.16249765369503e-09
5.98,0.32863367072518,0.0408286781409349,0.218326482567368,1.56949423582787,-0.0720342845291423,1.52890362926074,1.5326402262167,0.00373659695596174,48.8700351200714,-1.17546150590897e-09
5.99,0.329278673873554,0.0408211222911256,0.215746469973727,1.56774762576964,-0.0742168510370221,1.52741110182875,1.53114143969376,0.00373033786500576,48.8358572280639,-1.18926735126479e-09
6,0.329905572625776,0.0408135533206455,0.213238874964692,1.56600798748102,-0.0763443300506812,1.52592592592593,1.52965001890528,0.0037240929793585,48.801574354888,-1.20083853971664e-09
6.01,0.330513862073027,0.04080598838711,0.210805717175539,1.56427616070723,-0.0784148512192225,1.52444815738421,1.52816602694337,0.00371786955915931,48.7672801374674,-1.21402266017867e-09
6.02,0.331103051967047,0.0407984442598011,0.208448957599311,1.56255298524797,-0.0804265845281592,1.52297785148,1.52668952635541,0.00371167487540602,48.7330687384683,-1.22530252610886e-09
6.03,0.331672667092743,0.0407909374131666,0.206170497096382,1.56083929859238,-0.082377741988235,1.52151506292856,1.52522057912861,0.00370551620004567,48.6990346968513,-1.23736754176207e-09
6.04,0.332222247626232,0.0407834841283975,0.20397217496228,1.55913593354713,-0.0842665792977929,1.52005984587852,1.52375924666404,0.00369940078552222,48.6652726418518,-1.24614274454871e-09
6.05,0.33275134947993,0.0407761006003043,0.20185576754734,1.55744371584168,-0.0860913974836581,1.51861225390625,1.52230558971957,0.0036933358133151,48.6318766104654,-1.21989884860341e-09
6.06,0.333259544617052,0.040768803037007,0.199822986998705,1.55576346185473,-0.0878505444528589,1.51717234001037,1.5208596684623,0.00368732845193298,48.5989408084696,-1.18276233251891e-09
6.07,0.333746421371294,0.0407616077608122,0.197875479981589,1.55409597621395,-0.0895424165849062,1.51574015660616,1.51942154238236,0.00368138577620036,48.5665585291005,-1.16533982463807e-09
6.08,0.33421158474621,0.0407545312990072,0.196014826481777,1.55244204944004,-0.0911654602702953,1.51431575552,1.51799127023122,0.00367551471122018,48.5348214221149,-1.15705134362543e-09
6.09,0.334654656692052,0.0407475904540205,0.194242538698264,1.55080245568587,-0.0927181733823228,1.51289918798384,1.51656891003669,0.00366972205284632,48.5038197991242,-1.14015463736905e-09
6.1,0.335075276368516,0.0407408023544598,0.192560059992258,1.54917795052447,-0.0941991067106489,1.51149050462963,1.51515451914253,0.00366401451290277,48.4736432131721,-1.1262208943208e-09
6.11,0.335473100399944,0.0407341844916669,0.1909687638664,1.5475692687002,-0.095606865382063,1.51008975548375,1.51374815417848,0.00365839869472784,48.4443801206383,-1.12180131850437e-09
6.12,0.33584780311125,0.0407277547350245,0.18946995302103,1.54597712195337,-0.0969401102214779,1.50869698996148,1.51234987106432,0.00365288110283957,48.4161179907328,-1.14057385758315e-09
6.13,0.336199076751743,0.0407215313278379,0.18806485845891,1.54440219686621,-0.0981975590781867,1.50731225686144,1.51095972499043,0.00364746812899175,48.3889430906512,-1.19539222964704e-09
6.14,0.336526631704431,0.04071553286319,0.18675463864801,1.54284515275289,-0.0993779881064586,1.50593560436,1.50957777038948,0.00364216602948009,48.3629401567589,-1.2269723015379e-09
6.15,0.336830196677146,0.0407097782325057,0.185540378757,1.54130661961066,-0.100480232985104,1.50456708000579,1.50820406091497,0.00363698090918319,48.3381921565704,-1.23429444442991e-09
6.16,0.337109518886501,0.0407042865592463,0.184423089919435,1.53978719610668,-0.101503190113027,1.50320673071407,1.50683864938749,0.00363191867341439,48.3147796235463,-1.25316645949169e-09
6.17,0.33736436422797,0.0406990771088631,0.183403708553413,1.53828744763294,-0.10244581775442,1.50185460276125,1.50548158774018,0.00362698497893077,48.2927799926688,-1.27489485635124e-09
6.18,0.337594517431746,0.0406941691735287,0.18248309573816,1.5368079044497,-0.103307137129175,1.50051074177926,1.5041329269788,0.00362218519953994,48.2722671380185,-1.28852306602312e-09
6.19,0.337799782207584,0.040689581935308,0.18166203663466,1.53534905992181,-0.104086233457313,1.49917519275005,1.50279271715279,0.00361752440274898,48.2533110562793,-1.30542332499317e-09
6.2,0.337979981379734,0.0406853343119327,0.180941239945915,1.53391136884663,-0.104782256959833,1.497848,1.50146100732697,0.003613007326974,48.235977553009,-1.32468258584595e-09
6.21,0.338134957010178,0.0406814447852644,0.180321337423991,1.53249524589169,-0.105394423807223,1.4965292071944,1.5001378455657,0.00360863837129788,48.2203280913713,-1.33352529019248e-09
6.22,0.338264570511071,0.0406779312177363,0.179802883420272,1.53110106414644,-0.105922017017138,1.49521885733185,1.49882327892406,0.00360442159220642,48.2064197249212,-1.33872646301825e-09
6.23,0.338368702748073,0.0406748106634139,0.179386354472118,1.52972915377908,-0.106364387306542,1.49391699273875,1.49751735342699,0.00360036068823955,48.1943048581247,-1.36241951054217e-09
6.24,0.33844725413374,0.0406720991764778,0.179072148929302,1.52837980081051,-0.106720953893575,1.4926236550637,1.49622011404076,0.00359645897705629,48.1840309031472,-1.3972716317312e-09
6.25,0.338500144710919,0.0406698116207732,0.178860586620437,1.5270532460187,-0.106991205247023,1.49133888527199,1.4949316046428,0.00359271937080874,48.175639913788,-1.42019374038682e-09
6.26,0.338527314227673,0.0406679614853225,0.178751908553274,1.52574968397194,-0.107174699787771,1.49006272364,1.4936518679807,0.00358914434070368,48.1691680762976,-1.42796352520236e-09
6.27,0.338528722203665,0.040666560707865,0.178746276649159,1.5244692622038,-0.107271066540172,1.48879520974968,1.49238094562817,0.00358573587849298,48.1646451658526,-1.4381456026058e-09
6.28,0.338504347988064,0.0406656195090745,0.178843773511418,1.52321208054558,-0.107280005731605,1.48753638248296,1.4911188779484,0.00358249546543554,48.1620941099538,-1.44895295761671e-09
6.29,0.338454190809744,0.0406651462399345,0.179044402224548,1.52197819061963,-0.107201289341905,1.48628628001625,1.48986570406403,0.00357942404778133,48.1615306431668,-1.46046019722235e-09
6.3,0.338378269819915,0.0406651472446666,0.179348086183717,1.5207675955009,-0.107034761601977,1.48504493981481,1.48862146183691,0.00357652202209535,48.1629630953544,-1.47398182548386e-09
6.31,0.338276624127004,0.0406656267425211,0.179754668955214,1.51958024955613,-0.106780339440057,1.48381239862727,1.48738618786226,0.00357378923498719,48.1663923716386,-1.49019285800023e-09
6.32,0.338149312824103,0.0406665867306482,0.18026391416667,1.51841605845441,-0.106438012876734,1.48258869248,1.48615991746819,0.00357122498819318,48.1718119991631,-1.50324197534246e-09
6.33,0.33799641500842,0.0406680269121108,0.180875505429257,1.51727487935716,-0.106007845366303,1.48137385667162,1.48494268472378,0.00356882805215752,48.1792082813911,-1.51792534097694e-09
6.34,0.337818029793012,0.0406699446498222,0.181589046290741,1.51615652127303,-0.105489974086308,1.48016792576741,1.48373452244039,0.00356659667298675,48.1885603585818,-1.53436374716875e-09
6.35,0.337614276310038,0.0406723349492815,0.182404060222488,1.51506074558736,-0.104884610172113,1.47897093359375,1.48253546217344,0.00356452857969458,48.1998402704728,-1.5554881827029e-09
6.36,0.337385293705739,0.040675190468874,0.183319990639539,1.51398726675516,-0.104192038898006,1.47778291323259,1.48134553421539,0.00356262098279947,48.2130129046466,-1.57243462695078e-09
6.37,0.337131241126017,0.0406785015596517,0.184336200958277,1.51293575317367,-0.103412619800203,1.47660389701588,1.48016476759512,0.00356087057923848,48.2280360348331,-1.5917542839361e-09
6.38,0.336852297693492,0.0406822563290488,0.185451974688231,1.51190582821088,-0.102546786746221,1.47543391652,1.47899319006777,0.00355927354776586,48.2448602369638,-1.60910573754336e-09
6.39,0.336548662474357,0.0406864407300808,0.186666515564623,1.51089707141372,-0.101595047943946,1.47427300256023,1.47783082811851,0.0035578255582811,48.2634290009298,-1.62635771516761e-09
6.4,0.33622055443549,0.040691038670821,0.187978947719944,1.50990901987753,-0.100557985893281,1.47312118518518,1.47667770697018,0.00355652178499666,48.2836788992097,-1.64324021056927e-09
6.41,0.335868212390754,0.040696032142888,0.189388315898739,1.50894116978081,-0.0994362572772177,1.47197849367125,1.47553385060245,0.0035553569312019,48.3055399141542,-1.65762514825474e-09
6.42,0.335491894935736,0.0407014013665007,0.190893585718667,1.50799297807828,-0.0982305927908267,1.47084495651704,1.47439928178149,0.00355432526445654,48.3289359053344,-1.67289471164622e-09
6.43,0.335091880370758,0.0407071249490468,0.19249364397843,1.50706386433487,-0.0969417969095343,1.46972060143782,1.47327402208973,0.00355342065190167,48.3537850757339,-1.68483182960699e-09
6.44,0.334668466610206,0.0407131800563038,0.194187299020491,1.50615321270429,-0.0955707475906748,1.46860545536,1.47215809196387,0.00355263660387073,48.3800005465894,-1.69772818026104e-09
6.45,0.334221971078863,0.0407195425921462,0.195973281145715,1.50526037402351,-0.094118395913379,1.46749954441551,1.47105151072215,0.00355196630663923,48.4074907832971,-1.70848579728045e-09
6.46,0.333752730592781,0.040726187385299,0.197850243089896,1.50438466803008,-0.092585765648882,1.4664028939363,1.46995429659322,0.00355140265692078,48.4361600449591,-1.71854708241881e-09
6.47,0.333261101225254,0.0407330883787084,0.199816760559857,1.50352538568008,-0.090973952765473,1.46531552844875,1.46886646673544,0.00355093828669251,48.4659087064263,-1.72815362020629e-09
6.48,0.332747458156494,0.0407402188183116,0.201871332834749,1.50268179156543,-0.0892841248643296,1.46423747166815,1.46778803725387,0.00355056558571754,48.4966335546337,-1.73624314925291e-09
6.49,0.332212195506083,0.0407475514371474,0.204012383436246,1.5018531264236,-0.0875175205444764,1.4631687464931,1.46671902321857,0.00355027672546671,48.5282281107032,-1.74478742565043e-09
6.5,0.331655726148549,0.040755058631507,0.206238260866234,1.50103860972706,-0.0856754486998831,1.462109375,1.46565943868215,0.0035500636821475,48.5605829460419,-1.75161929405476e-09
6.51,0.331078481509611,0.0407627126253938,0.208547239421841,1.5002374423529,-0.083759287741344,1.46105937843745,1.46460929670706,0.0035499182696066,48.5935861366997,-1.75912262534439e-09
6.52,0.330480911344631,0.0407704856221023,0.210937520081613,1.49944880931289,-0.0817704847508226,1.46001877722074,1.46356860939282,0.00354983217208216,48.6271237173726,-1.76559566966716e-09
6.53,0.329863483496264,0.0407783499399881,0.213407231474932,1.49867188254217,-0.0797105545591673,1.45898759092625,1.4625373879112,0.0035497969849525,48.6610802428158,-1.77177739146828e-09
6.54,0.329226683632448,0.0407862781328275,0.21595443093005,1.49790582372762,-0.0775810787535075,1.45796583828593,1.46151564253916,0.0035498042532327,48.6953393163452,-1.77808701096183e-09
6.55,0.328571014963341,0.0407942430939372,0.218577105606329,1.49714978716689,-0.0753837046111854,1.45695353718171,1.46050338268956,0.00354984550784887,48.7297840854506,-1.78357240088189e-09
6.56,0.327896997936269,0.040802218143737,0.221273173714471,1.49640292264617,-0.0731201439587404,1.45595070464,1.45950061693706,0.00354991229705681,48.7642976696012,-1.79006676148674e-09
6.57,0.327205169909646,0.0408101771019658,0.224040485820816,1.49566437832537,-0.0707921719609605,1.45495735682606,1.45850735303616,0.00354999621009577,48.7987634836965,-1.79682402290382e-09
6.58,0.326496084803639,0.0408180943433318,0.226876826244695,1.49493330362362,-0.0684016258335817,1.45397350903852,1.45752359793456,0.00355008889604069,48.8330654986326,-1.80588699549844e-09
6.59,0.325770312729453,0.0408259448384606,0.229779914541294,1.49420885209726,-0.0659504034874042,1.45299917570375,1.45654935778241,0.00355018207865987,48.8670884528452,-1.81580617208965e-09
6.6,0.325028439594984,0.0408337041792199,0.232747407079022,1.49349018430435,-0.0634404620972044,1.45203437037037,1.45558463794166,0.00355026757128685,48.9007180687747,-1.82488335553899e-09
6.61,0.324271066687589,0.040841348590151,0.235776898708456,1.4927764706485,-0.0608738165990819,1.45107910570366,1.45462944299671,0.00355033729305076,48.9338412920681,-1.83630533001633e-09
6.62,0.323498810235394,0.0408488549284255,0.238865924517089,1.4920668941969,-0.0582525381221694,1.45013339348,1.45368377676964,0.00355038328963886,48.966346595964,-1.84872561703742e-09
6.63,0.322712300944478,0.0408562006728358,0.242011961680605,1.49136065346254,-0.0555787523465405,1.44919724458134,1.4527476423385,0.00355039775715427,48.9981243274842,-1.86045667760482e-09
6.64,0.321912183513385,0.0408633639055962,0.245212431404831,1.49065696514175,-0.0528546377932599,1.44827066898963,1.45182104205677,0.0035503730671429,49.0290670675811,-1.87557347430811e-09
6.65,0.321099116126267,0.0408703232900707,0.248464700953154,1.48995506680071,-0.0500824240516888,1.44735367578125,1.45090397757496,0.00355030179370663,49.0590700184946,-1.89167792541411e-09
6.66,0.320273769922361,0.0408770580467217,0.25176608576863,1.48925421949643,-0.0472643899368936,1.44644627312148,1.44999644985677,0.00355017673528768,49.0880313145603,-1.90726368032301e-09
6.67,0.319436828443782,0.0408835479308338,0.2551138516828,1.48855371032637,-0.0444028615842384,1.44554846825894,1.449098459191,0.00354999093205999,49.1158522722461,-1.92715532421062e-09
6.68,0.318588987062682,0.0408897732140302,0.258505217207054,1.48785285490242,-0.0415002104847593,1.44466026752,1.4482100052027,0.00354973768270472,49.1424376338717,-1.94771487826984e-09
6.69,0.317730952386178,0.0408957146719178,0.261937355912922,1.48715099973573,-0.0385588514559826,1.44378167630329,1.44733108685692,0.00354941055363156,49.1676957092968,-1.96787652839703e-09
6.7,0.316863441641341,0.0409013535794162,0.265407398892123,1.48644752453209,-0.0355812405555924,1.44291269907407,1.44646170246272,0.00354900338864406,49.1915385280683,-1.99285921098635e-09
6.71,0.315987182041127,0.040906671714725,0.268912437292829,1.48574184439463,-0.0325698729405693,1.44205333935875,1.44560184968272,0.00354851032396497,49.2138820697106,-2.01809058353319e-09
6.72,0.315102910130354,0.0409116513738509,0.272449524935774,1.48503341192015,-0.0295272806683323,1.44120359973926,1.4447515255406,0.00354792580134244,49.234646469248,-2.04340722120833e-09
6.73,0.314211371114106,0.0409162753961847,0.276015681000619,1.48432171918923,-0.0264560304473132,1.44036348184755,1.44391072643521,0.00354724458766076,49.2537563134079,-2.07398898055544e-09
6.74,0.313313318169321,0.0409205272019821,0.279607892779611,1.48360629964303,-0.0233587213387534,1.43953298636,1.44307944816095,0.00354646180095242,49.2711410246145,-2.10413020340638e-09
6.75,0.312409511739355,0.0409243908434088,0.283223118499331,1.4828867298302,-0.0202379824082778,1.4387121129919,1.44225768592392,0.00354557293202085,49.2867351810186,-2.13514184110863e-09
6.76,0.311500718813958,0.0409278510687196,0.286858290200771,1.48216263102382,-0.0170964703343594,1.43790086049185,1.441445434361,0.00354457386915019,49.3004788771489,-2.17152518189323e-09
6.77,0.310587712195368,0.0409308933997469,0.290510316674985,1.48143367069829,-0.0139368669748671,1.43709922663625,1.44064268755847,0.00354346092222269,49.3123180747941,-2.20656559690724e-09
6.78,0.309671269751057,0.0409335042227806,0.294176086452081,1.4806995638511,-0.0107618768922364,1.4363072082237,1.4398494390606,0.00354223083689487,49.3222048149572,-2.24349250288469e-09
6.79,0.30875217365554,0.0409356708905282,0.297852470834001,1.47996007417372,-0.00757422484378039,1.43552480106949,1.43906568188048,0.00354088081098958,49.3300974622924,-2.28504148935826e-09
6.8,0.30783120962198,0.0409373818338882,0.301536326968096,1.47921501506109,-0.00437665323814167,1.434752,1.43829140850846,0.00353940850846235,49.3359609180708,-2.32361685448268e-09
6.81,0.306909166124814,0.040938626681429,0.305224500956612,1.47846425044953,-0.00117191956032648,1.43398879884718,1.43752661091425,0.00353781206707482,49.3397667478743,-2.36541453091377e-09
6.82,0.305986833615592,0.0409393963833691,0.308913830993351,1.47770769549108,0.00203720622897785,1.43323519044296,1.43677128055738,0.00353609011442058,49.3414934275662,-2.41066544504065e-09
6.83,0.305065003732918,0.0409396833380468,0.312601150523899,1.47694531704975,0.00524794431846152,1.43249116661375,1.43602540839645,0.00353424178270423,49.3411265722703,-2.45145059807328e-09
6.84,0.304144468508192,0.0409394815180253,0.316283291422659,1.47617713401336,0.00845750769167949,1.43175671817481,1.4352889848954,0.00353226672058859,49.3386591230464,-2.49741916036328e-09
6.85,0.303226019569034,0.0409387865934126,0.319957087179141,1.47540321742893,0.0116631047883048,1.43103183492477,1.43456200003891,0.00353016511414439,49.3340916582536,-2.54514631592428e-09
6.86,0.30231044734163,0.0409375960500507,0.323619376088612,1.47462369044181,0.0148619421788583,1.43031650564,1.43384444333987,0.00352793769987203,49.3274325910537,-2.58688359622283e-09
6.87,0.301398540253908,0.0409359092998835,0.327267004439351,1.47383872803749,0.0180512272481885,1.42961071806912,1.43313630384046,0.00352558577133744,49.3186982747741,-2.63584709614406e-09
6.88,0.300491083941077,0.0409337277817782,0.330896829690529,1.47304855659733,0.0212281708843201,1.42891445892741,1.43243757011885,0.00352311119143844,49.3079131852626,-2.6842563727314e-09
6.89,0.299588860455257,0.0409310550494246,0.334505723633662,1.47225345324489,0.0243899901686459,1.42822771389125,1.43174823028011,0.00352051638886453,49.2951098815718,-2.72609312901295e-09
6.9,0.298692647480982,0.0409278968440038,0.338090575530613,1.47145374499477,0.0275339110631143,1.42755046759259,1.43106827194305,0.00351780435045601,49.2803289099061,-2.77491807310071e-09
6.91,0.297803217557701,0.0409242611502412,0.341648295223589,1.47064980771516,0.0306571710919989,1.42688270361338,1.43039768223242,0.00351497861904226,49.2636187850892,-2.8215083602845e-09
6.92,0.296921337311544,0.0409201582319353,0.345175816208071,1.46984206488551,0.0337570220122495,1.42622440448,1.42973644775814,0.00351204327814214,49.2450357893248,-2.86190271481246e-09
6.93,0.296047766697591,0.0409156006461701,0.348670098663736,1.46903098616758,0.0368307324694036,1.42557555165773,1.42908455459588,0.0035090029381537,49.2246437917001,-2.90790325152557e-09
6.94,0.295183258253651,0.0409106032358058,0.352128132439349,1.46821708579849,0.0398755906367071,1.42493612554519,1.42844198827305,0.00350586272786924,49.2025141409256,-2.95662516691664e-09
6.95,0.294328556367792,0.0409051830979056,0.355546939982639,1.46740092079621,0.0428889068310787,1.42430610546875,1.42780873374687,0.00350262827811987,49.1787254459717,-3.00978086897885e-09
6.96,0.293484396560508,0.040899359529191,0.358923579211626,1.46658308899287,0.0458680161036735,1.42368546967704,1.42718477538247,0.00349930570543711,49.1533633523772,-3.07160519241734e-09
6.97,0.292651504782619,0.0408931539490613,0.362255146323034,1.46576422690075,0.0488102808021455,1.42307419533532,1.42657009692836,0.00349590159303581,49.1265202778433,-3.13258397000027e-09
6.98,0.291830596730712,0.0408865898000476,0.365538778530518,1.46494500741268,0.0517130930991033,1.42247225852,1.42596468148325,0.00349242296325136,49.098295026568,-3.1892390950361e-09
6.99,0.291022377180576,0.0408796924277293,0.368771656730911,1.46412613735438,0.0545738774854799,1.42187963421301,1.42536851146184,0.00348887724883062,49.0687923860721,-3.23968762927507e-09
7,0.290227539340219,0.0408724889405469,0.371951008092193,1.46330835489202,0.0573900932237386,1.4212962962963,1.42478156855357,0.00348527225727624,49.0381226253714,-3.29019655964657e-09
7.01,0.289446764221961,0.0408650080524877,0.37507410856508,1.46249242681563,0.0601592367623542,1.42072221754625,1.42420383368337,0.00348161613711673,49.0064010191339,-3.33486482873013e-09
7.02,0.288680720036343,0.0408572799085803,0.378138285307403,1.46167914569713,0.0628788441022931,1.42015736962815,1.42363528696331,0.00347791733515823,48.9737472467407,-3.37529826310856e-09
7.03,0.287930061606491,0.0408493358970145,0.381140919026663,1.46086932694995,0.0655464931193227,1.4196017230906,1.42307590764898,0.003474184558381,48.9402848565463,-3.39466765808538e-09
7.04,0.28719542980618,0.0408412084484328,0.384079446227763,1.46006380578902,0.0681598058306068,1.41905524736,1.42252567408822,0.00347042672821463,48.9061406228234,-3.40535777354489e-09
7.05,0.286477451017881,0.0408329308277707,0.38695136138081,1.45926343412473,0.0707164506170299,1.41851791073495,1.42198456368094,0.00346665294599013,48.8714440593036,-3.41904637934931e-09
7.06,0.285776736613708,0.0408245369198285,0.389754218997355,1.45846907739081,0.0732141443904493,1.41798968038074,1.42145255283813,0.00346287245738619,48.8363269138113,-3.43285577741881e-09
7.07,0.285093882459786,0.0408160610116974,0.392485635612897,1.45768161131552,0.0756506547029957,1.41747052232375,1.420929616935,0.00345909461125005,48.8009225806363,-3.44328299206609e-09
7.08,0.284429468443268,0.0408075375763305,0.39514329167882,1.45690191865658,0.0780238017995211,1.41696040144593,1.42041573026438,0.00345532881845223,48.7653655136619,-3.45482575880851e-09
7.09,0.283784058021177,0.0407990010598764,0.397724933367038,1.45613088591489,0.0803314606143647,1.41645928147921,1.41991086599189,0.00345158451267591,48.7297906644893,-3.46603812317881e-09
7.1,0.28315819779233,0.0407904856752465,0.40022837428228,1.45536940003546,0.0825715627064617,1.415967125,1.41941499610787,0.00344787110787204,48.6943328726329,-3.47652218124495e-09
7.11,0.282552417091239,0.0407820252048927,0.402651497086496,1.45461834511259,0.084742098134613,1.41548389342357,1.41892809137949,0.00344419795592432,48.6591262595002,-3.48726914012332e-09
7.12,0.281967227603737,0.0407736528148546,0.404992255036357,1.45387859911342,0.0868411172715982,1.41500954699852,1.41845012130433,0.00344057430580769,48.6243036443176,-3.4984495300705e-09
7.13,0.281403123004079,0.040765400882029,0.407248673434842,1.45315103063321,0.0888667325557021,1.41454404480125,1.41798105406626,0.00343700926501422,48.5899959924282,-3.51160167610942e-09
7.14,0.28086057861265,0.0407573008361948,0.409418851000411,1.45243649569455,0.0908171201803443,1.41408734473037,1.41752085649393,0.00343351176355533,48.5563318999334,-3.52446960505404e-09
7.15,0.280340051074403,0.0407493830187822,0.41150096115325,1.45173583460434,0.0926905217187999,1.41363940350116,1.41706949402304,0.00343009052188403,48.5234371336272,-3.53705331690435e-09
7.16,0.279841978056733,0.0407416765590701,0.413493253223784,1.45104986887846,0.0944852456860497,1.41320017664,1.41662693066204,0.00342675402204162,48.4914342149853,-3.55062823587105e-09
7.17,0.279366777966403,0.0407342092688688,0.415394053584955,1.4503793982443,0.0961996690365351,1.41276961847884,1.4161931289601,0.00342351048125322,48.4604420371015,-3.56626728148512e-09
7.18,0.278914849685071,0.0407270075563753,0.417201766710139,1.44972519773099,0.0978322385968154,1.41234768214963,1.41576804997699,0.00342036782735966,48.4305755063411,-3.58681617740331e-09
7.19,0.278486572322136,0.040720096358702,0.41891487616173,1.44908801485356,0.0993814724350602,1.41193431957875,1.41535165325258,0.00341733367383168,48.4019451771721,-3.60480356675907e-09
7.2,0.278082304985768,0.0407134990943035,0.420531945507055,1.44846856690776,0.100845961161306,1.41152948148148,1.41494389678147,0.00341441529998465,48.3746569611071,-3.6247591594929e-09
7.21,0.2777023865691,0.0407072376320341,0.42205161917358,1.44786753837095,0.102224369167002,1.41113311735643,1.414544736984,0.00341161962756931,48.3488117836453,-3.64595464930062e-09
7.22,0.277347135552753,0.0407013322775705,0.423472623238821,1.44728557842668,0.103515435796579,1.41074517548,1.41415412868129,0.00340895320129042,48.3245052983976,-3.66527075357226e-09
7.23,0.277016849822548,0.0406958017750693,0.424793766159491,1.44672329861837,0.104717976452409,1.41036560290079,1.41377202507388,0.00340642217309273,48.3018276560013,-3.68833141806135e-09
7.24,0.276711806500848,0.0406906633213662,0.426013939446145,1.4461812706308,0.105830883636585,1.40999434543407,1.41339837771842,0.00340403228434272,48.2808632432804,-3.7101095529124e-09
7.25,0.276432261792423,0.0406859325922569,0.427132118279698,1.44566002421812,0.106853127922954,1.40963134765625,1.4130331365135,0.00340178885725417,48.2616905543301,-3.73218611571247e-09
7.26,0.276178450842905,0.0406816237775059,0.428147362077624,1.44516004527089,0.107783758864712,1.40927655289926,1.41267624968441,0.00339969678515573,48.2443820444522,-3.75668562924147e-09
7.27,0.275950587609767,0.0406777496230821,0.429058815010028,1.44468177402978,0.108621905835253,1.40892990324505,1.41232766376923,0.00339776052418883,48.2290040036547,-3.77790243533127e-09
7.28,0.275748864745848,0.0406743214786884,0.429865706465558,1.44422560345587,0.109366778799668,1.40859133952,1.41198732361216,0.00339598409216335,48.2156165312019,-3.8035210536691e-09
7.29,0.2755734534936,0.0406713493478848,0.430567351474401,1.44379187774369,0.110017669022531,1.4082608012894,1.41165517234805,0.00339437105865525,48.2042733847845,-3.82826570444195e-09
7.3,0.275424503591183,0.040668841939347,0.431163151083924,1.44338089099856,0.1105739497049,1.40793822685185,1.4113311513953,0.00339292454344275,48.1950219484729,-3.85113452239239e-09
7.31,0.275302143188996,0.0406668067167001,0.431652592692524,1.44299288606818,0.111035076554648,1.40762355323375,1.41101520044586,0.00339164721210583,48.1879031608613,-3.87747789432069e-09
7.32,0.275206478776282,0.0406652499452172,0.432035250343232,1.44262805352938,0.11140058829015,1.4073167161837,1.41070725745094,0.00339054126723637,48.1829513817372,-3.9011567309899e-09
7.33,0.275137595118322,0.0406641767332601,0.432310784974926,1.44228653084501,0.111670107073067,1.40701765016699,1.41040725861556,0.00338960844857339,48.1801943871679,-3.92615717714762e-09
7.34,0.275095555202893,0.0406635910671757,0.432478944636492,1.44196840167663,0.111843338875126,1.40672628836,1.41011513838651,0.00338885002651423,48.1796532713715,-3.95246146922545e-09
7.35,0.275080400196483,0.0406634958381424,0.432539564661986,1.44167369536494,0.111920073775385,1.40644256264468,1.40983082944454,0.00338826679986948,48.1813424098008,-3.97685795405778e-09
7.36,0.275092149410102,0.0406638928598685,0.432492567807363,1.4414023865798,0.111900186187789,1.40616640360296,1.40955426270165,0.00338785909869133,48.1852694948224,-4.00916633225279e-09
7.37,0.275130800273904,0.0406647828773231,0.432337964352006,1.4411543951276,0.111783635022475,1.40589774051125,1.40928536729025,0.00338762677900029,48.1914354560269,-4.04250855012833e-09
7.38,0.275196328321642,0.0406661655653295,0.432075852160908,1.44092958593494,0.11157046377545,1.40563650133481,1.40902407056275,0.00338756922793992,48.1998345285822,-4.07610656338875e-09
7.39,0.275288687184288,0.0406680395179223,0.431706416710175,1.44072776919602,0.111260800550072,1.40538261272227,1.4087702980885,0.00338768536622647,48.2104542827723,-4.12108747127604e-09
7.4,0.275407808592796,0.0406704022291702,0.431229931075997,1.44054870068122,0.110854858010951,1.405136,1.40852397364481,0.00338797364481103,48.2232755703991,-4.18420498249361e-09
7.41,0.275553602390252,0.0406732500659281,0.430646755886027,1.44039208220951,0.110352933269533,1.40489658716662,1.40828501920551,0.00338843203888617,48.2382724367634,-4.28690682952038e-09
7.42,0.27572595655432,0.0406765782325133,0.429957339229605,1.44025756229908,0.109755407697668,1.40466429688741,1.40805335494174,0.00338905805432699,48.255412212068,-4.38608793729145e-09
7.43,0.275924737229039,0.0406803807293988,0.429162216530582,1.44014473697603,0.109062746674981,1.40443905048875,1.40782889921592,0.00338984872716641,48.274655503629,-4.40431691117738e-09
7.44,0.276149788767938,0.0406846503068092,0.42826201037484,1.44005315076678,0.108275499262045,1.40422076795259,1.40761156859475,0.00339080064215569,48.295956456752,-4.40628866726911e-09
7.45,0.276400933786369,0.040689378417505,0.427257430300968,1.43998229782595,0.107394297812024,1.40400936791088,1.40740127783347,0.0033919099225852,48.3192626026901,-4.41973568854337e-09
7.46,0.276677973224889,0.0406945551683261,0.42614927254674,1.43993162322851,0.106419857513185,1.40380476764,1.40719793986299,0.00339317222298674,48.3445147605289,-4.43066383581936e-09
7.47,0.276980686424944,0.0407001692712007,0.424938419746373,1.43990052444275,0.105352975858074,1.40360688305523,1.40700146579946,0.00339458274422522,48.3716472585692,-4.43931469362724e-09
7.48,0.27730883121598,0.0407062079974385,0.423625840582081,1.4398883529537,0.104194532046604,1.40341562870519,1.40681176494733,0.00339613624214974,48.4005880590206,-4.45138326199412e-09
7.49,0.277662144014849,0.0407126571369519,0.422212589386457,1.43989441603938,0.102945486321607,1.40323091776625,1.4066287448017,0.00339782703545222,48.4312588740749,-4.46687664634737e-09
7.5,0.278040339937909,0.0407195009637723,0.420699805694072,1.43991797869741,0.10160687923746,1.40305266203704,1.40645231105145,0.00339964901441192,48.4635752962991,-4.47398207370497e-09
7.51,0.278443112928338,0.0407267222112203,0.419088713732208,1.43995826573757,0.100179830853902,1.40288077193282,1.40628236760069,0.00340159566786702,48.4974471855122,-4.47635883915609e-09
7.52,0.278870135896638,0.0407343020578092,0.417380621858859,1.44001446399939,0.098665539867288,1.40271515648,1.40611881657446,0.00340366009445803,48.53277882785,-4.4843169177966e-09
7.53,0.279321060875957,0.0407422201255886,0.415576921941437,1.44008572470286,0.0970652826749825,1.40255572331051,1.40596155832131,0.0034058350108026,48.5694690567509,-4.49324488727143e-09
7.54,0.279795519194327,0.0407504544925762,0.413679088667811,1.44017116594403,0.0953804123669119,1.4024023786563,1.40581049142985,0.00340811277355657,48.6074115737641,-4.4971706358865e-09
7.55,0.280293121662851,0.0407589817195411,0.411688678793567,1.44026987530824,0.0936123576517891,1.40225502734375,1.40566551274019,0.00341048539643651,48.6464951968239,-4.50232917614812e-09
7.56,0.280813458781364,0.0407677768922895,0.409607330319369,1.44038091260272,0.0917626217147529,1.40211357278815,1.40552651735886,0.00341294457071517,48.6866041609046,-4.50488357728318e-09
7.57,0.281356100962178,0.0407768136795659,0.407436761595965,1.440503312701,0.0898327810069443,1.4019779169881,1.40539339867834,0.00341548169023675,48.7276184843234,-4.50637926974196e-09
7.58,0.281920598772843,0.040786064407027,0.405178770353157,1.4406360884897,0.0878244839666515,1.40184796052,1.40526604839994,0.00341808787993747,48.7694143841043,-4.50835457854737e-09
7.59,0.282506483198409,0.0407955001470686,0.402835232650746,1.44077823390666,0.0857394496731518,1.40172360253245,1.40514435655905,0.00342075402659425,48.8118647230547,-4.5097898748736e-09
7.6,0.283113265924169,0.0408050908243791,0.400408101747558,1.44092872706128,0.0835794664325003,1.40160474074074,1.40502821155309,0.00342347081235261,48.8548394953855,-4.51142057045217e-09
7.61,0.283740439639435,0.0408148053365859,0.397899406886348,1.44108653342464,0.0813463902961504,1.40149127142125,1.40491750017059,0.00342622874934451,48.8982063267494,-4.51295179004774e-09
7.62,0.284387478363302,0.0408246116893368,0.395311251990732,1.44125060907836,0.0790421435116254,1.40138308940593,1.40481210762108,0.00342901821515751,48.9418309857143,-4.5144830096433e-09
7.63,0.285053837792702,0.0408344771443398,0.392645814272981,1.44141990400914,0.0766687129067861,1.40128008807671,1.40471191756494,0.00343182948822895,48.9855778941899,-4.5161918649228e-09
7.64,0.285738955673508,0.0408443683789662,0.389905342749612,1.44159336543725,0.0742281482073962,1.40118215936,1.40461681214354,0.00343465278354271,49.0293106425531,-4.51821691171972e-09
7.65,0.286442252194997,0.0408542516555089,0.387092156663509,1.44176994116644,0.0717225602891201,1.40108919372106,1.40452667200998,0.00343747828891083,49.0728925139422,-4.52039472520482e-09
7.66,0.287163130408398,0.0408640929981667,0.384208643809758,1.44194858294262,0.0691541193636014,1.40100108015852,1.40444137636081,0.00344029620229303,49.1161870239168,-4.52280701779273e-09
7.67,0.287900976669474,0.0408738583754646,0.381257258765306,1.44212824980815,0.0665250531007112,1.40091770619875,1.40436080296914,0.00344309677039423,49.1590584787132,-4.52560300345795e-09
7.68,0.288655161105601,0.0408835138860377,0.378240521020652,1.44230791143834,0.0638376446871995,1.40083895789037,1.40428482821895,0.00344587032858468,49.2013725519742,-4.5291628225641e-09
7.69,0.289425038107319,0.0408930259456216,0.375161013013631,1.44248655144654,0.0610942308234758,1.40076471979866,1.40421332714058,0.00344860734192709,49.2429968763669,-4.53317738902115e-09
7.7,0.290209946844692,0.0409023614731731,0.372021378063993,1.44266317064318,0.0582971996588448,1.400694875,1.40414617344602,0.00345129844601866,49.2838016309925,-4.53760762297861e-09
7.71,0.291009211808042,0.0409114880740929,0.368824318210445,1.44283679023502,0.0554489886679337,1.40062930507634,1.4040832395636,0.00345393448725639,49.3236601191495,-4.54267379268458e-09
7.72,0.291822143373087,0.0409203742186111,0.365572591950118,1.44300645495054,0.0525520824692998,1.40056789010963,1.40402439667106,0.00345650656142693,49.3624493208474,-4.54899051760549e-09
7.73,0.292648038390002,0.0409289894134662,0.36226901188231,1.44317123607843,0.0496090105886207,1.40051050867625,1.40396951472673,0.00345900605048421,49.4000504186839,-4.55577264801832e-09
7.74,0.293486180796239,0.0409373043649571,0.358916442257215,1.44333023440535,0.0466223451676412,1.40045703784148,1.40391846249778,0.00346142465629473,49.43634928001,-4.56296334050421e-09
7.75,0.294335842252211,0.040945291131731,0.35551779643318,1.44348258304195,0.0435946986222626,1.40040735315394,1.40387110758654,0.00346375443260127,49.47123691386,-4.57097470984991e-09
7.76,0.295196282799334,0.0409529232657046,0.35207603424454,1.44362745012526,0.0405287212516203,1.40036132864,1.40382731645496,0.00346598781496188,49.5046098991753,-4.58049598250909e-09
7.77,0.2960667515395,0.0409601759398521,0.348594159283731,1.44376404138711,0.0374270988012217,1.40031883679829,1.40378695444789,0.00346811764960808,49.5363707977282,-4.59045423895077e-09
7.78,0.296946487335276,0.0409670260616639,0.34507521610048,1.44389160257695,0.0342925499822221,1.40027974859407,1.40374988581412,0.00347013722004808,49.5664285344472,-4.60082105746551e-09
7.79,0.297834719529538,0.0409734523717114,0.341522287323283,1.4440094217308,0.0311278239507737,1.40024393345375,1.40371597372657,0.00347204027282388,49.5946987649682,-4.61183091715611e-09
7.8,0.298730668683547,0.0409794355268264,0.3379384907071,1.44411683127615,0.0279356977500912,1.40021125925926,1.40368508030043,0.00347382104117377,49.6211042121308,-4.62474858409223e-09
7.81,0.299633547332137,0.0409849581678535,0.334326976112594,1.44421320996512,0.0247189737188383,1.40018159234255,1.40365706660942,0.003475474266875,49.6455749752622,-4.63784743942597e-09
7.82,0.30054256075486,0.0409900049719579,0.330690922421555,1.44429798462623,0.0214804768687002,1.40015479748,1.40363179269798,0.0034769952179825,49.6680487796467,-4.65110971958893e-09
7.83,0.301456907761454,0.0409945626900167,0.32703353439503,1.44437063173001,0.0182230522353596,1.4001307378869,1.40360911759083,0.00347837970393039,49.6884711876568,-4.66515004404755e-09
7.84,0.302375781490243,0.0409986201695113,0.323358039479729,1.44443067876185,0.0149495622061583,1.40010927521185,1.40358889929889,0.00347962408704117,49.7067957583222,-4.68189043090206e-09
7.85,0.30329837021782,0.0410021683636478,0.319667684569274,1.44447770539868,0.011662883828378,1.40009026953125,1.40357099482289,0.00348072529163823,49.7229841727893,-4.70801353458228e-09
7.86,0.304223858178554,0.0410052003273004,0.31596573272619,1.44451134448307,0.00836590610140085,1.4000735793437,1.40355526015219,0.00348168080848565,49.7370062933885,-4.74546268947051e-09
7.87,0.30515142639213,0.041007711200863,0.312255459871736,1.4445312827943,0.00506152725687441,1.40005906156449,1.40354155026137,0.00348248869687917,49.7488401899045,-4.79040451750734e-09
7.88,0.306080253497287,0.0410096981831697,0.308540151450964,1.44453726161881,0.00175265203120962,1.40004657152,1.40352971910876,0.003483147588764,49.7584721957082,-4.8395634166809e-09
7.89,0.307009516590116,0.0410111604944922,0.304823099079497,1.44452907711408,-0.00155781106609416,1.40003596294218,1.40351961963263,0.00348365669045259,49.7658969271778,-4.89882623355697e-09
7.9,0.307938392065388,0.0410120993310401,0.301107597178264,1.44450658046345,-0.00486695248515116,1.40002708796296,1.40351110374229,0.00348401577933166,49.771117230881,-4.94959806474071e-09
7.91,0.308866056458921,0.0410125178122491,0.297396939603985,1.44446967781923,-0.00817186436500904,1.40001979710875,1.40350402230143,0.00348422519267833,49.774144020453,-5.00594055097281e-09
7.92,0.309791687289068,0.0410124209226446,0.293694416283247,1.44441833005727,-0.0114696432549917,1.40001393929482,1.40349822512457,0.00348428582975546,49.7749963027461,-5.06344832729155e-09
7.93,0.310714463895912,0.0410118154487026,0.290003309855727,1.44435255231959,-0.014757392825626,1.40000936181977,1.40349356096243,0.00348419914266174,49.7737010409955,-5.1125930156104e-09
7.94,0.311633568276324,0.041010709912729,0.286326892333929,1.44427241335833,-0.0180322265650614,1.40000591036,1.40348987748551,0.00348396712551202,49.7702929932354,-5.13646369881826e-09
7.95,0.312548185912962,0.041009114504811,0.282668421787231,1.44417803467889,-0.0212912704565627,1.40000342896412,1.40348702126051,0.00348359229639228,49.7648144500475,-5.15519005261922e-09
7.96,0.313457506595978,0.0410070410134717,0.279031139055022,1.44406958950367,-0.0245316656349559,1.40000176004741,1.40348483773707,0.0034830776896666,49.7573151221687,-5.17792742016354e-09
7.97,0.314360725235616,0.0410045027558038,0.275418264496323,1.44394730154367,-0.0277505710178647,1.40000074438625,1.40348317122763,0.00348242684137801,49.7478519250469,-5.19955634104008e-09
7.98,0.315257042664116,0.0410015145083293,0.271832994782174,1.44381144358571,-0.0309451659083789,1.40000022111259,1.40348186488196,0.00348164376936699,49.7364886898995,-5.21936627251307e-09
7.99,0.316145666425423,0.0409980924388354,0.268278499736798,1.44366233590753,-0.0341126525657577,1.40000002770838,1.40348076066343,0.00348073295505502,49.7232959011467,-5.23955279163602e-09
8,0.317025811549602,0.0409942540394888,0.264757919239935,1.44350034453142,-0.0372502587348866,1.4,1.40347969933072,0.00347969933071823,49.7083505106176,-5.21358956007134e-09
8.01,0.317896701327914,0.040990017912108,0.261274360126541,1.4433258798852,-0.0403552401724998,1.4,1.40347852113915,0.00347852113915281,49.6912269937328,-5.05979969034343e-09
8.02,0.318757568174822,0.0409854006488666,0.257830892738763,1.44313940710647,-0.0434248830352062,1.4,1.40347708125384,0.00347708125383828,49.6701787000375,-5.06608444084122e-09
8.03,0.31960765474984,0.0409804088369832,0.254430546438543,1.44294147645058,-0.0464565061791322,1.4,1.40347529032473,0.00347529032472993,49.6440414772039,-5.07345632172473e-09
8.04,0.320446215047842,0.0409750335915784,0.251076305246389,1.4427327452221,-0.0494474632372235,1.4,1.40347314420387,0.00347314420386935,49.6128914921719,-5.08626740725049e-09
8.05,0.321272515248267,0.0409692515413883,0.247771104444541,1.44251397582051,-0.0523951446384464,1.4,1.403470723437,0.00347072343700505,49.5779905317309,-5.09692199557321e-09
8.06,0.322085834241815,0.0409630319265543,0.244517828470202,1.44228601076373,-0.0552969796944759,1.4,1.40346816370606,0.00346816370606362,49.5413266291,-5.10304332124178e-09
8.07,0.322885463873847,0.0409563473009375,0.241319309941926,1.44204973359224,-0.0581504388403694,1.4,1.40346560861907,0.00346560861906564,49.5049252348461,-5.12884312797723e-09
8.08,0.323670709050351,0.0409491841652486,0.238178329235763,1.44180602899441,-0.0609530360396906,1.4,1.40346316186464,0.00346316186463658,49.470178087465,-5.12915576678097e-09
8.09,0.32444088790544,0.0409415499974563,0.235097613815259,1.44155575516073,-0.0637023312861589,1.4,1.40346085528963,0.00346085528963247,49.4374209913842,-5.11882092268934e-09
8.1,0.325195332206721,0.0409334744954553,0.232079836609987,1.44129973657571,-0.0663959330842265,1.4,1.40345864331403,0.00345864331403112,49.4058967175002,-5.10710762569033e-09
8.11,0.325933388082233,0.0409250049063298,0.229127613107793,1.44103877796468,-0.0690315007884253,1.4,1.40345642453768,0.00345642453768114,49.3741001238696,-5.09633224510253e-09
8.12,0.326654417022961,0.0409161973257297,0.226243497344735,1.44077369271241,-0.0716067467161743,1.4,1.40345408196382,0.00345408196382024,49.3403706457662,-5.08937247900576e-09
8.13,0.327357797000659,0.040907107115636,0.223429977433795,1.44050533431695,-0.074119438016547,1.4,1.40345152722314,0.00345152722314368,49.3035179229007,-5.08664399490044e-09
8.14,0.32804292348009,0.0408977817446108,0.220689471515924,1.44023461873631,-0.0765673983389389,1.4,1.40344873330327,0.00344873330327022,49.2632622713347,-5.09346165245006e-09
8.15,0.328709210129908,0.0408882583323636,0.218024324916504,1.43996252911296,-0.0789485093925415,1.4,1.40344574493458,0.00344574493457528,49.2203452225187,-5.1085038421661e-09
8.16,0.329356089133385,0.0408785664298534,0.215436808902449,1.43969010073264,-0.0812607124927805,1.4,1.40344266391857,0.00344266391856696,49.1762848531306,-5.11344211417963e-09
8.17,0.329983011136703,0.0408687347022862,0.212929120889028,1.43941839094509,-0.083502010161926,1.4,1.40343961544449,0.0034396154444869,49.1328742842954,-5.12606490588041e-09
8.18,0.330589444997821,0.0408587988520552,0.210503385444411,1.43914844376692,-0.0856704677995621,1.4,1.40343670779099,0.00343670779099092,49.0916068479535,-5.13529130330426e-09
8.19,0.331174877564217,0.0408488077858869,0.20816165517868,1.43888126024113,-0.0877642153872874,1.4,1.40343399951679,0.00343399951678935,49.053228286034,-5.12991249479455e-09
8.2,0.331738813691117,0.0408388257130225,0.20590591067093,1.43861778327563,-0.0897814491515117,1.4,1.40343148521305,0.00343148521305059,49.0175661202523,-5.11766629074373e-09
8.21,0.332280776615969,0.0408289293633015,0.203738058971376,1.43835890023621,-0.0917204331080802,1.4,1.40342910392634,0.00342910392633589,48.9836830384266,-5.11523268187375e-09
8.22,0.332800308667088,0.0408192012100632,0.201659930766751,1.43810546035077,-0.0935795004342666,1.4,1.40342676641828,0.00342676641827877,48.9502880932382,-5.1104152021253e-09
8.23,0.333296972152918,0.0408097209357075,0.199673276823285,1.43785829895268,-0.0953570546551583,1.4,1.40342439101392,0.00342439101391512,48.9162522661421,-5.10398123765299e-09
8.24,0.333770350207735,0.0408005578629919,0.197779764603871,1.43761825866915,-0.0970515706782033,1.4,1.4034219353631,0.0034219353630951,48.8810468345257,-5.10636510853146e-09
8.25,0.33422004737395,0.040791766681204,0.195980975938864,1.43738619901469,-0.0986615957347775,1.4,1.403419413182,0.00341941318200312,48.8449544338301,-5.11323960949994e-09
8.26,0.33464568979374,0.0407833875386098,0.194278406259556,1.43716299035477,-0.100185750295155,1.4,1.40341689082317,0.00341689082317109,48.8089894464591,-5.11561282223738e-09
8.27,0.335046925015657,0.0407754500597545,0.192673465371741,1.436949493746,-0.101622729002167,1.4,1.40341446560671,0.00341446560671055,48.7745660054342,-5.11759878918383e-09
8.28,0.335423421555709,0.0407679795152007,0.191167479211385,1.43674653309077,-0.102971301634653,1.4,1.40341223414383,0.00341223414383363,48.7430386237039,-5.12266851160348e-09
8.29,0.33577486843231,0.0407610027425232,0.189761691704834,1.43655486843603,-0.104230314079028,1.4,1.40341026192831,0.00341026192830762,48.7152782802048,-5.12246955963747e-09
8.3,0.336100974897062,0.0407545516141841,0.188457265845681,1.43637517863153,-0.105398689262866,1.4,1.40340856466631,0.00340856466630601,48.6914292286042,-5.12138242925175e-09
8.31,0.336401470505043,0.0407486628252244,0.187255283413608,1.43620805804161,-0.106475428004402,1.4,1.40340710730051,0.00340710730051286,48.6709229616762,-5.12037701128065e-09
8.32,0.336676105540396,0.0407433741287129,0.186156743272049,1.43605402704662,-0.10745960974851,1.4,1.40340582033988,0.00340582033988168,48.652733972286,-5.12034148414386e-09
8.33,0.336924651682195,0.040738718403126,0.185162558704705,1.43591355141206,-0.108350393186666,1.4,1.40340462715727,0.00340462715726675,48.6357792234198,-5.12035924771226e-09
8.34,0.337146902708611,0.0407347176681527,0.184273554598895,1.43578706281832,-0.109147016784896,1.4,1.40340347237394,0.00340347237394467,48.6193174205218,-5.12017805931464e-09
8.35,0.337342675025204,0.0407313791320448,0.183490465332376,1.43567497285357,-0.109848799258282,1.4,1.40340234148732,0.00340234148732166,48.6032102402861,-5.11867526142851e-09
8.36,0.3375118078677,0.040728694605675,0.182813933962245,1.4355776754231,-0.110455140029087,1.4,1.40340126531163,0.00340126531162932,48.5879608012295,-5.11779774114984e-09
8.37,0.337654163146076,0.0407266434363337,0.182244512848596,1.43549553681898,-0.110965519688798,1.4,1.40340030830602,0.00340030830601901,48.5745250180116,-5.11769471245316e-09
8.38,0.337769625022491,0.0407251979207303,0.181782665342785,1.435428877085,-0.111379500460598,1.4,1.40339954548392,0.00339954548391752,48.5639703459356,-5.11590769747272e-09
8.39,0.337858099404675,0.0407243293714045,0.181428767813903,1.4353779492523,-0.111696726638573,1.4,1.40339903635025,0.00339903635025096,48.557106089392,-5.11561282223738e-09
8.4,0.337919513557761,0.0407240128857959,0.181183111201412,1.43534292356325,-0.111916924969821,1.4,1.40339880498837,0.00339880498836509,48.5542141303732,-5.11602138431044e-09
8.41,0.337953815987144,0.0407242294058603,0.181045901483734,1.43532388189573,-0.112039904949394,1.4,1.40339883296185,0.00339883296184662,48.5549695339342,-5.11673547975988e-09
8.42,0.33796097664121,0.0407249646673163,0.181017258867323,1.43532082392981,-0.112065559014859,1.4,1.40339906698729,0.00339906698728831,48.5585711027931,-5.11781550471824e-09
8.43,0.337940987364844,0.0407262057398014,0.18109721597264,1.43533368254194,-0.111993862646389,1.4,1.40339943814188,0.00339943814188293,48.5640284558491,-5.11781905743192e-09
8.44,0.33789386244612,0.0407279366646728,0.181285715647388,1.43536234290009,-0.111824874394363,1.4,1.40339988552777,0.00339988552776771,48.5705004729849,-5.11909448164261e-09
8.45,0.337819639069043,0.0407301349441223,0.181582609155547,1.43540665875424,-0.111558735861055,1.4,1.40340037608063,0.00340037608063115,48.5775667063323,-5.11694864258061e-09
8.46,0.337718377521241,0.0407327702751478,0.181987655346608,1.43546646065678,-0.111195671655558,1.4,1.40340091382135,0.00340091382134711,48.5853405042801,-5.11376185841073e-09
8.47,0.337590161095531,0.0407358060710327,0.182500521049299,1.43554155393373,-0.110735989324838,1.4,1.40340153581236,0.00340153581236358,48.5943916091783,-5.11091258204033e-09
8.48,0.337435095730209,0.040739203317788,0.183120782510443,1.43563170788096,-0.110180079245473,1.4,1.40340229675991,0.00340229675991099,48.6055127607673,-5.10828002120434e-09
8.49,0.337253309518883,0.0407429255029987,0.183847927355598,1.4357366406787,-0.109528414448663,1.4,1.40340324805679,0.00340324805679337,48.6194174771648,-5.10040720769211e-09
8.5,0.337044952255916,0.0407469430157114,0.184681356407319,1.43585600584075,-0.108781550350391,1.4,1.40340441873198,0.00340441873198416,48.6364762226249,-5.10293318711774e-09
8.51,0.33681019515867,0.0407512356331596,0.185620384796156,1.43598938529514,-0.107940124368335,1.4,1.40340580482967,0.00340580482967479,48.6565808257347,-5.11243314349485e-09
8.52,0.336549230834141,0.0407557923990157,0.186664242094126,1.43613629172574,-0.107004855425451,1.4,1.40340737056312,0.00340737056311902,48.6791790394417,-5.11847275674882e-09
8.53,0.336262273463291,0.0407606090987975,0.187812071577376,1.43629617952076,-0.105976543357633,1.4,1.40340906037867,0.00340906037866584,48.7034605647556,-5.11835906991109e-09
8.54,0.335949559096188,0.0407656843324918,0.189062929045642,1.43646846073775,-0.104856068253576,1.4,1.40341081731365,0.00341081731364778,48.7286240407184,-5.13088949105622e-09
8.55,0.33561134591363,0.0407710155881015,0.190415781775727,1.43665252096998,-0.103644389752762,1.4,1.40341260109509,0.00341260109509234,48.7541301043286,-5.13146147795851e-09
8.56,0.335247914324172,0.0407765966501232,0.191869508133411,1.43684773019406,-0.102342546317398,1.4,1.40341439969684,0.00341439969684365,48.7798530671331,-5.12310904809965e-09
8.57,0.334859566826342,0.0407824171220869,0.193422898124585,1.43705344567813,-0.100951654475695,1.4,1.40341623064521,0.00341623064521146,48.8060831736302,-5.11571940364774e-09
8.58,0.334446627645584,0.0407884640626902,0.195074654847468,1.43726900687963,-0.099472908016172,1.4,1.4034181320148,0.00341813201480501,48.8333843838489,-5.11410647163757e-09
8.59,0.334009442229096,0.0407947249739235,0.196823396513271,1.43749372508141,-0.0979075771054858,1.4,1.40342014665616,0.00342014665615964,48.8623628535791,-5.11521136559168e-09
8.6,0.333548376718839,0.0408011909345331,0.198667658554153,1.43772687220324,-0.0962570073035327,1.4,1.40342230533816,0.00342230533815813,48.8934291392073,-5.11143127823743e-09
8.61,0.333063817518371,0.0408078586427368,0.200605895355876,1.43796767339666,-0.0945226184649123,1.4,1.40342461468609,0.00342461468609478,48.9266367340133,-5.12653031137233e-09
8.62,0.332556171021884,0.0408147305513799,0.202636481341679,1.43821530654724,-0.0927059035336443,1.4,1.40342705387924,0.00342705387923803,48.9616494915636,-5.14074471880122e-09
8.63,0.332025863506469,0.0408218129613869,0.20475771140319,1.43846890932817,-0.0908084272552181,1.4,1.40342958089185,0.00342958089185053,48.9978439390996,-5.14529219231008e-09
8.64,0.331473341125275,0.040829112648615,0.206967800927821,1.43872759183645,-0.0888318248384232,1.4,1.40343214572544,0.00343214572543871,49.03450553574,-5.13908915422689e-09
8.65,0.330899069902553,0.040836633085798,0.209264885818559,1.43899045101653,-0.0867778005974759,1.4,1.40343470576014,0.00343470576014471,49.0710470271903,-5.15741049866847e-09
8.66,0.330303535631702,0.0408443714114555,0.211647022901819,1.43925658269353,-0.0846481265846404,1.4,1.40343723788278,0.00343723788278183,49.107173207503,-5.14750553293197e-09
8.67,0.329687243612676,0.040852317029955,0.214112190977774,1.43952508796246,-0.0824446412140119,1.4,1.40343974325212,0.00343974325212071,49.1429362129652,-5.13685449732293e-09
8.68,0.329050718219961,0.040860452118189,0.216658292548489,1.43979507288581,-0.0801692478515175,1.4,1.40344224338964,0.00344224338964438,49.1786671951724,-5.12771691774105e-09
8.69,0.328394502345267,0.0408687536735181,0.219283156047117,1.44006564279804,-0.0778239133401012,1.4,1.40344476928262,0.00344476928261805,49.2148127713758,-5.12591213919222e-09
8.7,0.327719156793095,0.0408771962379881,0.221984538255656,1.44033589437015,-0.0754106664341675,1.4,1.4034473475464,0.00344734754639986,49.2517366088447,-5.10806330566993e-09
8.71,0.327025259709301,0.0408857542612696,0.224760126590686,1.44060490926081,-0.0729315961287205,1.4,1.40344998853696,0.0034499885369601,49.2895559794236,-5.11402831193664e-09
8.72,0.326313406097177,0.0408944032531494,0.227607541039036,1.44087175252623,-0.0703888498876781,1.4,1.40345268045437,0.00345268045436686,49.3280685439121,-5.12292075427467e-09
8.73,0.325584207433642,0.0409031193549949,0.230524335693029,1.44113547721701,-0.0677846317974634,1.4,1.40345539124661,0.00345539124660865,49.366791199715,-5.15058573569149e-09
8.74,0.324838291352535,0.0409118775531184,0.233508000017311,1.4413951344166,-0.0651212006737018,1.4,1.40345807734692,0.00345807734692172,49.405093152714,-5.14892661840349e-09
8.75,0.324076301335301,0.0409206492429621,0.236555960086097,1.4416497861527,-0.0624008681507328,1.4,1.40346069596562,0.00346069596561516,49.4423736433073,-5.14294029585471e-09
8.76,0.323298896344543,0.0409294000781702,0.239665580048984,1.44189851773911,-0.0596259967684453,1.4,1.40346321655905,0.00346321655904824,49.4782213204157,-5.12832443178013e-09
8.77,0.32250675035483,0.0409380889292445,0.242834164007687,1.44214044645642,-0.0567989980518386,1.4,1.40346562756448,0.00346562756448221,49.5125011902168,-5.13688291903236e-09
8.78,0.321700551768655,0.0409466683822138,0.246058958352241,1.44237472488664,-0.0539223305622731,1.4,1.40346793629649,0.00346793629649311,49.5453424709215,-5.13424325276901e-09
8.79,0.320881002738362,0.0409550866945372,0.249337154473266,1.44260053908677,-0.0509984978892662,1.4,1.40347016228932,0.00347016228931518,49.5770351738971,-5.13239939436971e-09
8.8,0.320048818439807,0.0409632906194594,0.252665891667336,1.44281710364572,-0.0480300465571342,1.4,1.40347232673704,0.00347232673703934,49.6078760616955,-5.13425391091005e-09
8.81,0.319204726344556,0.0409712282779613,0.256042260048194,1.44302365656015,-0.0450195638283586,1.4,1.40347444180527,0.00347444180527168,49.6380187929335,-5.13351494646486e-09
8.82,0.31834946552581,0.0409788512680957,0.259463303323029,1.44321945685212,-0.0419696754078595,1.4,1.40347650356093,0.00347650356093143,49.6673805634606,-5.1532822453737e-09
8.83,0.317483786008279,0.0409861155121659,0.262926021393006,1.44340378673891,-0.0388830430695205,1.4,1.40347849083941,0.0034784908394101,49.6956355384556,-5.17466247629272e-09
8.84,0.316608448146631,0.0409929808013089,0.266427372839451,1.44357595849559,-0.0357623622342083,1.4,1.40348037023563,0.00348037023563386,49.7222943353956,-5.17600540206331e-09
8.85,0.315724222000922,0.0409994094548081,0.269964277422139,1.44373532446265,-0.0326103595281245,1.4,1.40348210525846,0.0034821052584646,49.7468387803673,-5.1716497750931e-09
8.86,0.31483188667576,0.0410053647913238,0.273533618722641,1.4438812875936,-0.0294297903404716,1.4,1.40348366635108,0.00348366635107578,49.7688636286656,-5.16604359290795e-09
8.87,0.313932229600709,0.0410108101414915,0.277132247022697,1.44401330979042,-0.0262234363821756,1.4,1.40348503830247,0.00348503830246583,49.7881763116409,-5.15521492161497e-09
8.88,0.31302604574804,0.0410157089041008,0.280756982433227,1.44413091608209,-0.0229941032319296,1.4,1.40348622261188,0.00348622261187792,49.80482218535,-5.14602049861423e-09
8.89,0.3121141368019,0.0410200257512295,0.28440461821764,1.44423369414922,-0.0197446178463838,1.4,1.40348723421309,0.00348723421309205,49.8190298470044,-5.14410558594136e-09
8.9,0.31119731030349,0.0410237286696848,0.288071924211132,1.44432129024189,-0.016477826011889,1.4,1.40348809392756,0.00348809392755678,49.8310987777961,-5.14551601327184e-09
8.91,0.310276378796794,0.0410267912255084,0.291755650237767,1.44439340367285,-0.0131965897251017,1.4,1.40348881944898,0.00348881944898105,49.8412707756586,-5.14826226094556e-09
8.92,0.309352158990042,0.0410291943652521,0.295452529464627,1.44444978237339,-0.00990378450556062,1.4,1.4034894180385,0.00348941803850233,49.8496303255771,-5.14928544248505e-09
8.93,0.30842547093452,0.0410309272288636,0.29915928168657,1.4444902214474,-0.00660229665869736,1.4,1.40348988339481,0.00348988339481027,49.8560672941176,-5.15464648742636e-09
8.94,0.307497137210782,0.0410319867831598,0.302872616581373,1.44451456545782,-0.00329502051773041,1.4,1.40349019762674,0.00349019762673519,49.8603125290357,-5.15641929155208e-09
8.95,0.306567982107158,0.0410323764754636,0.306589236995725,1.44452271375619,1.51443070187447e-05,1.4,1.40349033744167,0.0034903374416726,49.8620311210573,-5.1586113158919e-09
8.96,0.305638830779869,0.0410321044120484,0.310305842304731,1.44451462703984,0.00332529564681842,1.4,1.40349028223149,0.00349028223149483,49.8609386402204,-5.16410025852565e-09
8.97,0.304710508390444,0.0410311816752317,0.314019131862286,1.44449033290023,0.00663253146085437,1.4,1.40349002120718,0.00349002120717756,49.8568995519787,-5.16289944130222e-09
8.98,0.30378383923074,0.0410296213054419,0.317725808500952,1.4444499284314,0.00993395248929066,1.4,1.40348955712561,0.00348955712561128,49.8499740998805,-5.15852249804993e-09
8.99,0.30285964584982,0.0410274381921339,0.321422582024486,1.44439357899303,0.0132266648929564,1.4,1.40348890545876,0.00348890545875702,49.8403995378673,-5.15570164338897e-09
9,0.301938748198026,0.0410246497735966,0.325106172631517,1.44432151348818,0.0165077828979808,1.4,1.40348808946356,0.00348808946355672,49.8285146618778,-5.15982634397005e-09
9.01,0.301021962798162,0.0410212771500295,0.328773314230824,1.44423401762257,0.0197744314540514,1.4,1.4034871330122,0.00348713301220127,49.8146558696758,-5.16318365839652e-09
9.02,0.300110101941628,0.0410173460731074,0.332420757656813,1.44413142715221,0.0230237489106703,1.4,1.40348605372308,0.00348605372308253,49.799061417141,-5.16434184305581e-09
9.03,0.299203972900424,0.0410128873223151,0.336045273821482,1.44401412298859,0.0262528896955577,1.4,1.40348485874792,0.00348485874791593,49.7818165450808,-5.1649635679496e-09
9.04,0.298304377141478,0.041007936202299,0.33964365685712,1.44388252923069,0.0294590269730534,1.4,1.4034835445462,0.00348354454620337,49.7628565305357,-5.1746660290064e-09
9.05,0.297412109532058,0.0410025312033962,0.343212727294651,1.44373711406478,0.0326393552617628,1.4,1.40348210054234,0.00348210054233866,49.7420239652789,-5.17464826543801e-09
9.06,0.296527957534992,0.0409967121514217,0.346749335282769,1.44357839242794,0.0357910929927851,1.4,1.40348051522997,0.00348051522997439,49.7191580602417,-5.17308151870566e-09
9.07,0.295652700403182,0.0409905183383534,0.350250363809861,1.44340692870247,0.0389114850012544,1.4,1.403478782493,0.00347878249300448,49.6941835077456,-5.16920906079577e-09
9.08,0.294787108390961,0.0409839871151204,0.353712731858598,1.44322333772152,0.041997804955801,1.4,1.40347690593401,0.00347690593401384,49.6671679773181,-5.158444338349e-09
9.09,0.293931942001373,0.0409771532563286,0.357133397416802,1.44302828297393,0.0450473577390308,1.4,1.40347489977877,0.00347489977876769,49.6383294134105,-5.14846476562525e-09
9.1,0.293087951282625,0.0409700491413587,0.360509360291648,1.44282247185809,0.048057481794479,1.4,1.40347278615209,0.00347278615209423,49.6079922061576,-5.15013098834061e-09
9.11,0.292255875174952,0.0409627055211653,0.36383766472219,1.44260664884413,0.051025551452265,1.4,1.40347058980541,0.00347058980540615,49.5765093446569,-5.15186115990218e-09
9.12,0.291436440896755,0.0409551524654085,0.367115401834832,1.4423815880545,0.0539489792367886,1.4,1.40346833220298,0.00346833220297849,49.544178568683,-5.15514031462772e-09
9.13,0.290630363350235,0.0409474200572424,0.370339712020763,1.44214808688718,0.0568252181504783,1.4,1.40346602701673,0.00346602701673127,49.5111814601086,-5.16135756356562e-09
9.14,0.289838344525909,0.0409395385251607,0.373507787317921,1.44190696186897,0.059651763920098,1.4,1.40346367852101,0.00346367852101226,49.4775654788376,-5.1692197189368e-09
9.15,0.289061072892882,0.0409315377306586,0.376616873849884,1.4416590470862,0.0624261571899129,1.4,1.40346128330874,0.00346128330873929,49.4432731897828,-5.17006526479236e-09
9.16,0.288299222774835,0.0409234461733618,0.379664274321921,1.4414051946412,0.0651459856485996,1.4,1.40345883460675,0.00345883460675211,49.4082067415015,-5.16964249186458e-09
9.17,0.287553453725736,0.0409152898627955,0.38264735051817,1.44114627587261,0.0678088860845206,1.4,1.40345632756748,0.00345632756747727,49.3723035218938,-5.16540765715945e-09
9.18,0.286824409928057,0.0409070914513933,0.385563525708738,1.44088318188873,0.0704125463715981,1.4,1.4034537636778,0.00345376367779715,49.3355965181546,-5.15870368644755e-09
9.19,0.286112719637079,0.0408988699403912,0.388410286872506,1.44061682224226,0.0729547073948872,1.4,1.40345115278674,0.00345115278673758,49.2982389951841,-5.1530477662709e-09
9.2,0.28541899468649,0.0408906410764555,0.391185186674714,1.44034812127018,0.0754331649270718,1.4,1.40344851214352,0.00344851214351949,49.2604863500183,-5.14733144996171e-09
9.21,0.284743830056139,0.0408824183290278,0.393885845195972,1.44007801245305,0.0778457714650236,1.4,1.40344586289777,0.00344586289776849,49.2226431230808,-5.14741316237632e-09
9.22,0.284087803487938,0.0408742141569924,0.396509951468628,1.43980743181847,0.0801904380294225,1.4,1.40344322536869,0.00344322536869379,49.1849948166989,-5.15331421979681e-09
9.23,0.283451475125687,0.0408660411946409,0.399055264917485,1.43953731171378,0.0824651359238849,1.4,1.40344061477137,0.00344061477137303,49.1477487463224,-5.16088860536001e-09
9.24,0.282835387153556,0.040857913039853,0.401519616805862,1.43926857609253,0.0846678984442424,1.4,1.40343803885586,0.00343803885586436,49.1110039632123,-5.17373521802256e-09
9.25,0.282240063416073,0.0408498444825012,0.403900911755648,1.43900213789933,0.0867968225265308,1.4,1.40343549819913,0.00343549819912981,49.0747594905194,-5.18394926984911e-09
9.26,0.281666009016964,0.0408418512129254,0.406197129351935,1.43873889839905,0.088850070323985,1.4,1.40343298894659,0.00343298894659272,49.038956547399,-5.18747356181848e-09
9.27,0.281113709909872,0.0408339492291911,0.408406325780157,1.43847974763346,0.0908258707082389,1.4,1.40343050695508,0.00343050695508174,49.0035387689226,-5.19169418566889e-09
9.28,0.280583632505559,0.0408261542537128,0.41052663539726,1.43822556484334,0.0927225206927438,1.4,1.40342805184903,0.0034280518490255,48.9685088878139,-5.18845411079383e-09
9.29,0.280076223319813,0.0408184814444214,0.412556272140096,1.43797721776468,0.0945383867891828,1.4,1.40342562959761,0.00342562959760739,48.9339625156244,-5.18070564226036e-09
9.3,0.279591908681957,0.0408109455670852,0.414493530691372,1.43773556014976,0.0962719062982589,1.4,1.40342325278147,0.00342325278147193,48.900088258921,-5.17581355552466e-09
9.31,0.27913109450823,0.0408035616201656,0.416336787386136,1.43750142749797,0.0979215885408895,1.4,1.40342093853046,0.00342093853046266,48.8671352175651,-5.17216136586285e-09
9.32,0.278694166126591,0.0407963457244914,0.418084500912541,1.43727563164734,0.0994860160350644,1.4,1.40341870496417,0.00341870496417251,48.8353607623793,-5.17633935714912e-09
9.33,0.278281488130689,0.0407893160026513,0.419735212896003,1.4370589552192,0.100963845613069,1.4,1.40341656739825,0.00341656739825069,48.8049770424077,-5.1840842729689e-09
9.34,0.277893404235615,0.0407824931636101,0.421287548476153,1.43685214695928,0.102353809474595,1.4,1.40341453564214,0.00341453564214245,48.7761148311848,-5.19131759801894e-09
9.35,0.277530237115177,0.0407759006075079,0.422740216957758,1.43665591867155,0.103654716168698,1.4,1.4034126132668,0.00341261326680353,48.7488163453093,-5.19904119755665e-09
9.36,0.277192288213524,0.0407695640189191,0.424092012564221,1.43647094388945,0.104865451499357,1.4,1.40341079901319,0.00341079901318531,48.7230583072175,-5.20026333106216e-09
9.37,0.276879837539682,0.0407635105787737,0.425341815259441,1.4362978578392,0.105984979352787,1.4,1.40340908975682,0.00340908975681664,48.6987958905463,-5.19940357435189e-09
9.38,0.276593143465571,0.0407577680340355,0.426488591555738,1.43613725784712,0.107012342448455,1.4,1.40340748392945,0.00340748392944845,48.6760113568766,-5.19689180578098e-09
9.39,0.276332442552143,0.04075236388559,0.427531395209303,1.43598970325818,0.107946663018359,1.4,1.40340598419137,0.00340598419136628,48.6547503002396,-5.1934527789399e-09
9.4,0.276097949423393,0.0407473248902412,0.428469367724159,1.4358557141645,0.108787143420326,1.4,1.40340459844565,0.00340459844564811,48.6351332532379,-5.18981480013281e-09
9.41,0.275889856695683,0.0407426769420277,0.429301738634852,1.43573576872041,0.109533066689933,1.4,1.40340333889781,0.00340333889781297,48.6173394513652,-5.18805265414812e-09
9.42,0.275708334954915,0.0407384452530924,0.430027825597776,1.43563029935664,0.110183797033238,1.4,1.40340221954958,0.00340221954958331,48.6015692730969,-5.18641840585587e-09
9.43,0.27555353276184,0.0407346546444507,0.430647034369929,1.43553968862296,0.110738780259446,1.4,1.40340125304663,0.00340125304662831,48.5879990605965,-5.18081932909809e-09
9.44,0.275425576660733,0.0407313297211838,0.431158858774209,1.43546426552216,0.111197544151961,1.4,1.40340044797122,0.00340044797122485,48.5767438918491,-5.18010523364865e-09
9.45,0.275324571170166,0.0407284947502664,0.431562880736329,1.43540430306258,0.11155969877456,1.4,1.40339980749168,0.00339980749168189,48.5678407684003,-5.18608089805639e-09
9.46,0.275250598745327,0.0407261731684731,0.43185877043554,1.43536001735236,0.11182493671194,1.4,1.40339932976444,0.00339932976443991,48.5612569769439,-5.18969045515405e-09
9.47,0.27520371971527,0.0407243867799929,0.432046286555622,1.4353315680781,0.111993033245687,1.4,1.40339900986901,0.00339900986901309,48.5569195719619,-5.19065679327468e-09
9.48,0.275183972210581,0.0407231548130446,0.432125276574231,1.43531905979714,0.112063846469229,1.4,1.40339884252972,0.00339884252972467,48.5547547222045,-5.18866372090088e-09
9.49,0.275191372102793,0.0407224930529015,0.432095677005235,1.43532254328836,0.112037317346181,1.4,1.40339882464454,0.00339882464453778,48.5547228199965,-5.18471665600373e-09
9.5,0.275225912974914,0.0407224132435792,0.431957513516604,1.43534201628361,0.111913469716329,1.4,1.40339895674462,0.00339895674462309,48.5568372476656,-5.18461718002072e-09
9.51,0.275287566133425,0.040722922861082,0.43171090088241,1.43537742321832,0.11169241025186,1.4,1.40339924291725,0.00339924291724536,48.5611608876857,-5.18456744202922e-09
9.52,0.275376280659977,0.0407240252445393,0.431356042776055,1.43542865406311,0.111374328363881,1.4,1.40339968926808,0.00339968926807654,48.567782305738,-5.18456033660186e-09
9.53,0.275491983489274,0.0407257199602613,0.430893231458719,1.43549554270058,0.110959496057589,1.4,1.40340030151683,0.00340030151682735,48.5767807098398,-5.18606668720167e-09
9.54,0.275634579494028,0.0407280032191455,0.430322847439558,1.43557786551721,0.110448267733043,1.4,1.4034010825822,0.00340108258220484,48.5881921097645,-5.18778975333589e-09
9.55,0.275803951558519,0.0407308681721278,0.429645359181446,1.43567534086469,0.109841079929085,1.4,1.40340203099288,0.00340203099288083,48.6019883512211,-5.19076337468505e-09
9.56,0.275999960629906,0.0407343049765734,0.428861322895754,1.43578762979604,0.109138451009272,1.4,1.40340314064193,0.00340314064192948,48.6180757775539,-5.19283460675979e-09
9.57,0.276222445747482,0.0407383006286044,0.427971382425301,1.43591433810262,0.108340980790619,1.4,1.40340440191862,0.0034044019186168,48.636313239157,-5.19477083571473e-09
9.58,0.276471224060745,0.0407428386553007,0.426976269172102,1.43605501930934,0.107449350116941,1.4,1.40340580378075,0.00340580378075117,48.6565425896881,-5.20449461305361e-09
9.59,0.276746090853498,0.0407478988247022,0.425876802000941,1.43620917802598,0.106464320380689,1.4,1.4034073360067,0.00340733600669973,48.67862053493,-5.21576382084277e-09
9.6,0.277046819591774,0.0407534570320904,0.424673887047692,1.43637627306825,0.105386732991306,1.4,1.40340899088125,0.00340899088125113,48.7024413396505,-5.22085485954449e-09
9.61,0.277373162007222,0.0407594854742292,0.423368517385752,1.43655571987579,0.104217508793351,1.4,1.40341076373302,0.00341076373301807,48.727942594974,-5.21311704915206e-09
9.62,0.277724848218923,0.0407659531294157,0.421961772538802,1.43674689213566,0.102957647428511,1.4,1.40341265221816,0.00341265221815701,48.7550932222819,-5.21342613524212e-09
9.63,0.278101586886664,0.0407728264683125,0.420454817867688,1.43694912282485,0.101608226639048,1.4,1.40341465464723,0.00341465464722579,48.7838685710977,-5.21399101671705e-09
9.64,0.278503065382791,0.0407800702510201,0.418848903883036,1.43716170516467,0.100170401506863,1.4,1.40341676800175,0.00341676800174651,48.8142221508363,-5.21839993439244e-09
9.65,0.278928949968971,0.0407876482524845,0.417145365538168,1.43738389402071,0.0986454036250658,1.4,1.40341898634253,0.00341898634252891,48.8460639688999,-5.22206633490896e-09
9.66,0.279378885968423,0.0407955237917994,0.415345621540211,1.43761490816934,0.0970345402004254,1.4,1.40342130016431,0.00342130016431352,48.8792529831281,-5.22794962876105e-09
9.67,0.279852497931917,0.0408036600165772,0.41345117368609,1.43785393357678,0.0953391930872804,1.4,1.40342369689909,0.0034236968990855,48.9136059592485,-5.2314099718842e-09
9.68,0.280349389804235,0.0408120199802036,0.411463606196672,1.43810012752169,0.0935608177543512,1.4,1.40342616236732,0.00342616236732507,48.9489192889897,-5.22805621017142e-09
9.69,0.280869145102778,0.0408205666173414,0.40938458500235,1.43835262312584,0.0917009421897476,1.4,1.40342868264171,0.0034286826417087,48.9849957670874,-5.23613152836333e-09
9.7,0.281411327122656,0.0408292627480701,0.407215856922691,1.43861053379655,0.089761165741059,1.4,1.4034312457018,0.00343124570179931,49.0216674396446,-5.23247223327417e-09
9.71,0.281975479178303,0.040838071220029,0.404959248699956,1.43887295712478,0.0877431578922237,1.4,1.4034338423212,0.00343384232120503,49.0588068418768,-5.23743537428345e-09
9.72,0.282561124885462,0.0408469552372332,0.402616665871173,1.43913897801159,0.0856486569761068,1.4,1.40343646592062,0.00343646592062385,49.09632334639,-5.2386504023616e-09
9.73,0.283167768481078,0.0408558788464498,0.40019009148856,1.43940767110081,0.083479468816682,1.4,1.40343911150429,0.00343911150428644,49.1341468400936,-5.23871079849414e-09
9.74,0.28379489517219,0.0408648074860129,0.397681584723965,1.43967810282157,0.0812374653006049,1.4,1.40344177409132,0.00344177409131929,49.1722049805342,-5.2392366001186e-09
9.75,0.284441971504693,0.0408737084728497,0.395093279393808,1.43994933348563,0.0789245828731973,1.4,1.4034444472235,0.00344444722350001,49.2104024181313,-5.24155296943718e-09
9.76,0.285108445743822,0.0408825513143948,0.392427382437145,1.44022041983474,0.0765428209608516,1.4,1.40344712207053,0.00344712207052789,49.248609207447,-5.24097742982121e-09
9.77,0.285793748263396,0.0408913077853515,0.3896861723587,1.44049041825831,0.074094240322863,1.4,1.40344978742422,0.00344978742422164,49.286662130072,-5.24133980661645e-09
9.78,0.286497291946419,0.0408999517738806,0.386871997626462,1.44075838866396,0.0715809613362444,1.4,1.40345243056995,0.00345243056994571,49.3243782681032,-5.24191534623242e-09
9.79,0.287218472603897,0.0409084589732148,0.383987274996401,1.44102339872897,0.0690051622188171,1.4,1.40345503869691,0.00345503869690544,49.3615756061163,-5.24233811916019e-09
9.8,0.287956669420009,0.0409168065297877,0.381034487731808,1.44128452813146,0.0663690771949653,1.4,1.40345760034478,0.00345760034478326,49.3980933649805,-5.24259036183139e-09
9.81,0.288711245430436,0.0409249727548569,0.378016183689953,1.44154087237094,0.0636749946050176,1.4,1.4034601063995,0.00346010639950056,49.4338052410729,-5.24224574860455e-09
9.82,0.28948154803666,0.0409329369729133,0.37493497326491,1.44179154591423,0.0609252549587469,1.4,1.403462550312,0.00346255031199516,49.4686212624748,-5.24301313475917e-09
9.83,0.290266909554476,0.0409406795187882,0.371793527193496,1.44203568462814,0.0581222489316381,1.4,1.40346492750123,0.00346492750122773,49.5024781554925,-5.24375920463171e-09
9.84,0.291066647791429,0.0409481818360061,0.368594574245538,1.44227244768157,0.055268415302537,1.4,1.40346723418393,0.00346723418392925,49.535322059911,-5.24432053339297e-09
9.85,0.291880066646419,0.0409554265899931,0.365340898825431,1.44250101924823,0.052366238832358,1.4,1.40346946606051,0.00346946606050902,49.5670899024149,-5.24432408610664e-09
9.86,0.292706456725597,0.040962397703415,0.362035338508572,1.44272061037001,0.0494182480858422,1.4,1.40347161732167,0.00347161732167289,49.5976959839531,-5.24341459140487e-09
9.87,0.293545095971512,0.0409690802502651,0.358680781524765,1.44293046123793,0.0464270132002075,1.4,1.40347368030659,0.00347368030659156,49.6270282123906,-5.24259391454507e-09
9.88,0.294395250305738,0.0409754601960984,0.355280164187713,1.443129843963,0.04339514360613,1.4,1.40347564590738,0.00347564590738281,49.654954935736,-5.24242693700216e-09
9.89,0.295256174288254,0.0409815240272458,0.351836468257502,1.44331806570538,0.0403252857051543,1.4,1.40347750455482,0.0034775045548201,49.681339654237,-5.23542809105493e-09
9.9,0.29612711179542,0.0409872583540773,0.348352718228691,1.44349447186518,0.0372201205156025,1.4,1.40347924741266,0.00347924741265881,49.706058088868,-5.22621235177212e-09
9.91,0.297007296722438,0.0409926495808803,0.34483197852047,1.44365844901709,0.0340823612788522,1.4,1.40348086737836,0.00348086737836106,49.7290118864078,-5.22353715837198e-09
9.92,0.297895953710491,0.0409976837184673,0.341277350568112,1.44380942731481,0.0309147510293358,1.4,1.40348235954896,0.00348235954896392,49.7501343061447,-5.22266674352068e-09
9.93,0.298792298893334,0.0410023463717296,0.337691969836594,1.44394688224126,0.0277200601404032,1.4,1.40348372100487,0.00348372100486771,49.7693861452948,-5.22565457572455e-09
9.94,0.299695540664769,0.0410066228799004,0.334079002750704,1.4440703357969,0.0245010838265575,1.4,1.40348495003312,0.00348495003311866,49.7867439743748,-5.22573628813916e-09
9.95,0.300604880458334,0.0410104985474886,0.330441643576299,1.44417935734067,0.0212606396177715,1.4,1.40348604507502,0.00348604507501649,49.8021849780828,-5.22132737046377e-09
9.96,0.301519513536486,0.0410139588846934,0.326783111263544,1.44427356438093,0.0180015648039712,1.4,1.40348700378292,0.00348700378292133,49.8156739157902,-5.21881915460654e-09
9.97,0.302438629792398,0.0410169897897939,0.323106646239749,1.44435262357125,0.0147267138347533,1.4,1.40348782251385,0.00348782251384572,49.8271567141431,-5.21615461934744e-09
9.98,0.303361414554197,0.0410195776354898,0.319415507192407,1.44441625202511,0.0114389557140999,1.4,1.40348849641822,0.00348849641822424,49.8365626499413,-5.21601606351396e-09
9.99,0.304287049401102,0.0410217092709033,0.315712967804637,1.44446421891715,0.00814117136421654,1.4,1.403489020083,0.00348902008299601,49.8438142243885,-5.21654897056578e-09
10,0.305214712986254,0.0410233719871132,0.312002313463882,1.44449634716988,0.00483625098483535,1.4,1.4034893884845,0.00348938848450353,49.848841004191,-5.2183217746915e-09
10.01,0.306143581869764,0.0410245535148496,0.308286837929693,1.44451251496269,0.00152709139855171,1.4,1.40348959792211,0.00348959792210635,49.8515926714217,-5.22126342161755e-09
10.02,0.307072831358777,0.0410252421166687,0.304569839973495,1.44451265680599,-0.00178340660946695,1.4,1.4034896466156,0.00348964661560358,49.8520468731513,-5.22786081091908e-09
10.03,0.308001636352161,0.0410254268071862,0.300854619999812,1.44449676402876,-0.00509234095776614,1.4,1.40348953478294,0.00348953478294489,49.8502095019232,-5.23518650652477e-09
10.04,0.308929172186587,0.0410250976950925,0.29714447666196,1.44446488467037,-0.00839681094057083,1.4,1.40348926419613,0.0034892641961346,49.8461076692938,-5.24000043355954e-09
10.05,0.309854615480822,0.0410242464006311,0.293442703484876,1.4444171229155,-0.0116939199039294,1.4,1.40348883740058,0.00348883740058059,49.8397782491011,-5.24148902059096e-09
10.06,0.310777144976161,0.0410228664803998,0.289752585503371,1.44435363829264,-0.0149807779237366,1.4,1.40348825688574,0.00348825688574017,49.831256190899,-5.24017096381613e-09
10.07,0.311695942371964,0.0410209537904116,0.286077395920012,1.44427464486388,-0.0182545044813514,1.4,1.40348752450231,0.00348752450231116,49.8205667462905,-5.23844434496823e-09
10.08,0.312610193156043,0.0410185067401143,0.282420392783547,1.44418041055733,-0.0215122311313152,1.4,1.40348664132242,0.00348664132242082,49.8077242066174,-5.23611021208126e-09
10.09,0.31351908742974,0.041015526425138,0.278784815688614,1.44407125666793,-0.0247511041549876,1.4,1.4034856079777,0.00348560797769726,49.7927373874512,-5.23667154084251e-09
10.1,0.314421820726823,0.0410120166627796,0.275173882500135,1.44394755742107,-0.027968287194286,1.4,1.40348442534209,0.00348442534208782,49.7756197330208,-5.24072163443634e-09
10.11,0.315317594824246,0.0410079839788408,0.271590786110295,1.44380973940431,-0.0311609638607746,1.4,1.40348309531148,0.00348309531147795,49.7564003878574,-5.24831023085426e-09
10.12,0.316205618541699,0.0410034375997992,0.268038691240334,1.44365828065357,-0.0343263403166938,1.4,1.40348162140723,0.00348162140722796,49.7351323746114,-5.25600896139622e-09
10.13,0.317085108526411,0.040998389489373,0.264520731301341,1.44349370923657,-0.0374616478257246,1.4,1.40348000900115,0.00348000900114886,49.7118951516881,-5.26722843119387e-09
10.14,0.317955290019976,0.0409928544396895,0.261040005326931,1.44331660128474,-0.0405641452719146,1.4,1.40347826509612,0.00347826509612204,49.6867908438503,-5.2748490020349e-09
10.15,0.318815397605123,0.0409868501949253,0.257599574986197,1.44312757854902,-0.0436311216450845,1.4,1.40347639775247,0.00347639775247366,49.6599356493949,-5.27861132582075e-09
10.16,0.319664675931713,0.0409803975615905,0.25420246167969,1.44292730564779,-0.046659898490149,1.4,1.40347441536611,0.00347441536610726,49.6314494922277,-5.27794696836281e-09
10.17,0.32050238042259,0.0409735204520904,0.250851643716037,1.44271648720971,-0.0496478323168655,1.4,1.40347232604644,0.00347232604644443,49.6014474580549,-5.27572296959988e-09
10.18,0.32132777796044,0.0409662458196608,0.247550053564489,1.44249586508017,-0.0525923169657286,1.4,1.40347013729596,0.0034701372959598,49.5700357684952,-5.27154497831361e-09
10.19,0.322140147556437,0.0409586034682903,0.244300575180351,1.44226621567175,-0.0554907859252608,1.4,1.40346785607902,0.00346785607902245,49.5373133443262,-5.27014876183785e-09
10.2,0.322938781000363,0.0409506257520011,0.2411060414045,1.44202834743121,-0.0583407145964902,1.4,1.40346548922856,0.00346548922855971,49.5033780186901,-5.27167287600605e-09
10.21,0.323722983490463,0.0409423472031742,0.237969231443954,1.44178309830539,-0.0611396225013172,1.4,1.40346304402313,0.00346304402313136,49.4683348744939,-5.27881383050044e-09
10.22,0.324492074240185,0.0409338041412797,0.23489286844492,1.44153133304723,-0.0638850754326546,1.4,1.40346052871343,0.00346052871343483,49.4323035269395,-5.28655874632022e-09
10.23,0.325245387058708,0.0409250343084109,0.231879617170678,1.44127394022298,-0.0665746875456507,1.4,1.40345795280191,0.00345795280190808,49.3954216416703,-5.29940891169645e-09
10.24,0.325982270902859,0.0409160765579143,0.228932081793927,1.44101182885608,-0.0692061233897845,1.4,1.40345532697319,0.00345532697319428,49.3578434007932,-5.3092534813004e-09
10.25,0.326702090399571,0.0409069705967225,0.226052803806934,1.44074592473917,-0.0717770998820205,1.4,1.40345266269519,0.00345266269519362,49.3197333869689,-5.31259658487215e-09
10.26,0.327404226341066,0.0408977567573619,0.223244260040803,1.44047716652636,-0.0742853882254262,1.4,1.40344997161602,0.00344997161602034,49.2812578160094,-5.33929878088202e-09
10.27,0.328088076148668,0.0408884757671163,0.220508860810249,1.4402065018328,-0.0767288157462765,1.4,1.40344726500328,0.00344726500328019,49.2425766760345,-5.35255395561762e-09
10.28,0.328753054323481,0.0408791684740877,0.21784894811085,1.43993488337213,-0.0791052677088108,1.4,1.40344455329155,0.00344455329154547,49.2038376475797,-5.3667861266149e-09
10.29,0.329398592867288,0.0408698755208208,0.215266793935477,1.43966326540723,-0.0814126890293585,1.4,1.40344184600479,0.00344184600479003,49.1651754903731,-5.37170663506004e-09
10.3,0.330024141690692,0.0408606369619802,0.212764598641714,1.43939260040474,-0.0836490859510457,1.4,1.40343915194322,0.00343915194321998,49.1267151224459,-5.37214361884253e-09
10.31,0.330629168998735,0.040851491858779,0.210344489409393,1.43912383591065,-0.0858125276412412,1.4,1.40343647960434,0.00343647960434423,49.0885778387457,-5.37284350343725e-09
10.32,0.331213161655688,0.040842477890039,0.208008518781433,1.43885791150049,-0.0879011477259573,1.4,1.40343383764208,0.00343383764208216,49.050887790615,-5.37487565566153e-09
10.33,0.33177562552725,0.0408336310201177,0.20575866329504,1.43859575567651,-0.0899131457643911,1.4,1.40343123518546,0.00343123518546395,49.0137762301851,-5.38120303872347e-09
10.34,0.332316085796832,0.0408249852542049,0.203596822216565,1.43833828264604,-0.0918467886585617,1.4,1.40342868190857,0.00342868190857426,48.9773820820362,-5.38566524710404e-09
10.35,0.332834087256533,0.0408165724883627,0.201524816377612,1.43808638896382,-0.0937004120029082,1.4,1.40342618781756,0.00342618781755832,48.9418485111139,-5.38736699695619e-09
10.36,0.333329194574084,0.0408084224404082,0.19954438710726,1.43784095011069,-0.0954724213735561,1.4,1.40342376283065,0.00342376283065282,48.9073167051794,-5.38656763637846e-09
10.37,0.333800992538984,0.0408005626326305,0.197657195247516,1.43760281712829,-0.0971612935581451,1.4,1.40342141629131,0.00342141629131043,48.8739189448727,-5.38250688464359e-09
10.38,0.334249086291695,0.0407930183919771,0.195864820236526,1.43737281344739,-0.0987655777261349,1.4,1.40341915657748,0.00341915657748482,48.8417732725009,-5.37755795448902e-09
10.39,0.334673101539272,0.0407858128418629,0.194168759246069,1.43715173201336,-0.100283896539115,1.4,1.40341699092854,0.0034169909285362,48.8109814021244,-5.37416866563944e-09
10.4,0.335072684759538,0.0407789668755218,0.192570426364857,1.43694033275055,-0.101714947200988,1.4,1.40341492553329,0.00341492553329137,48.78163035726,-5.3739590555324e-09
10.41,0.335447503393915,0.0407724991192231,0.191071151827201,1.43673934033837,-0.103057502447181,1.4,1.40341296583546,0.00341296583545714,48.7537970811951,-5.37482591767002e-09
10.42,0.335797246027697,0.0407664259085485,0.189672181291925,1.43654944220781,-0.104310411473931,1.4,1.40341111693384,0.00341111693384044,48.7275541898525,-5.37581357207273e-09
10.43,0.33612162255538,0.0407607613052487,0.188374675181048,1.43637128665062,-0.105472600807442,1.4,1.40340938393372,0.00340938393372237,48.70297481465,-5.37715294512964e-09
10.44,0.336420364329095,0.0407555171765882,0.18717970808604,1.43620548094868,-0.106543075113669,1.4,1.40340777212733,0.00340777212733268,48.6801348616895,-5.37918509735391e-09
10.45,0.336693224289477,0.0407507033438494,0.186088268244365,1.43605258948058,-0.107520917949745,1.4,1.40340628694689,0.00340628694688982,48.6591119974042,-5.38033262387216e-09
10.46,0.336939977079391,0.0407463277907714,0.18510125708456,1.43591313182571,-0.108405292455937,1.4,1.40340493371327,0.00340493371326822,48.6399818110542,-5.38096145419331e-09
10.47,0.337160419143244,0.0407423969046624,0.184219488829001,1.43578758094225,-0.109195441988907,1.4,1.40340371727876,0.00340371727876354,48.6228126442054,-5.38201305744224e-09
10.48,0.337354368814975,0.0407389157183891,0.183443690141933,1.43567636151747,-0.109890690695602,1.4,1.40340264168985,0.00340264168985005,48.6076608989812,-5.38432587404714e-09
10.49,0.337521666397455,0.0407358881239032,0.182774499811864,1.43557984858326,-0.110490444025926,1.4,1.40340170998763,0.00340170998763489,48.5945684600427,-5.38660671622893e-09
10.5,0.337662174235491,0.0407333170383981,0.182212468459574,1.43549836644542,-0.110994189184533,1.4,1.40340092420989,0.00340092420989291,48.5835630404585,-5.38796740556791e-09
10.51,0.337775776782553,0.0407312045204192,0.181758058271178,1.43543218792308,-0.111401495520465,1.4,1.40340028558991,0.00340028558991112,48.5746612740934,-5.38845768005558e-09
10.52,0.337862380660005,0.0407295518478968,0.181411642761222,1.43538153383781,-0.111712014854734,1.4,1.40339979487581,0.00339979487580577,48.5678733777955,-5.38918243364606e-09
10.53,0.337921914706462,0.0407283595787359,0.181173506575247,1.43534657266231,-0.111925481745599,1.4,1.40339945265633,0.00339945265632968,48.5632077273529,-5.38981481668088e-09
10.54,0.337954330015028,0.0407276276139463,0.181043845340834,1.43532742024159,-0.112041713691875,1.4,1.40339925958287,0.00339925958286913,48.5606738064948,-5.39039390901053e-09
10.55,0.337959599956862,0.0407273552753306,0.181022765573352,1.43532413953037,-0.112060611274187,1.4,1.40339921641734,0.00339921641733887,48.5602826052016,-5.39125721843448e-09
10.56,0.337937720190815,0.040727541397408,0.181110284637394,1.43533674033807,-0.111982158233821,1.4,1.40339932389615,0.00339932389615272,48.5620444285731,-5.39203526273013e-09
10.57,0.337888708660448,0.0407281844199726,0.181306330758715,1.43536517912395,-0.11180642148904,1.4,1.40339958246619,0.00339958246619498,48.5659649993687,-5.39289857215408e-09
10.58,0.33781260558061,0.0407292824599725,0.181610743077919,1.43540935891731,-0.111533551088541,1.4,1.40339999198958,0.00339999198958196,48.5720412741732,-5.3937334598686e-09
10.59,0.337709473415773,0.0407308333409102,0.182023271737119,1.43546912944392,-0.111163780101408,1.4,1.403400551521,0.0034005515209985,48.5802584377487,-5.39939648547261e-09
10.6,0.337579396851724,0.0407328345652446,0.182543577993169,1.43554428751589,-0.110697424443597,1.4,1.4034012592311,0.00340125923110079,48.5905890582627,-5.40002886850743e-09
10.61,0.337422482760896,0.0407352832275095,0.183171234356333,1.4356345777014,-0.110134882641062,1.4,1.40340211249596,0.00340211249596001,48.6029945997293,-5.40115507874361e-09
10.62,0.337238860160314,0.0407381758786417,0.183905724758515,1.43573969324573,-0.10947663552996,1.4,1.40340310811563,0.0034031081156316,48.6174286830212,-5.40194733389399e-09
10.63,0.337028680160015,0.0407415083622267,0.184746444759563,1.4358592771793,-0.108723245894396,1.4,1.40340424257863,0.00340424257862892,48.6338408624313,-5.40283195960001e-09
10.64,0.336792115899711,0.0407452756458727,0.185692701800633,1.43599292354015,-0.107875358042522,1.4,1.40340551227918,0.00340551227917962,48.652179594009,-5.40382316671639e-09
10.65,0.336529362471721,0.0407494716671727,0.186743715512446,1.43614017865284,-0.106933697321182,1.4,1.40340691361307,0.00340691361307033,48.6723933873838,-5.40520161962377e-09
10.66,0.336240636829382,0.0407540892042152,0.187898618081655,1.43630054244083,-0.10589906956962,1.4,1.40340844292296,0.00340844292296372,48.6944298044071,-5.40633138257363e-09
10.67,0.335926177681051,0.0407591197697112,0.189156454674829,1.43647346979084,-0.104772360511863,1.4,1.40341009631761,0.00341009631761335,48.7182327294356,-5.40726929898483e-09
10.68,0.335586245370935,0.040764553518523,0.190516183915147,1.43665837202054,-0.103554535088181,1.4,1.4034118694321,0.00341186943210481,48.7437389194385,-5.40810773941303e-09
10.69,0.335221121747983,0.0407703791549834,0.191976678406807,1.43685461851605,-0.102246636725166,1.4,1.40341375721506,0.00341375721505632,48.7708750656361,-5.40867617360163e-09
10.7,0.334831110023872,0.0407765838289215,0.193536725303106,1.43706153859442,-0.100849786544758,1.4,1.40341575381571,0.00341575381570625,48.7995563690401,-5.42511813250712e-09
10.71,0.334416534620127,0.0407831530171234,0.195195026917938,1.43727842361747,-0.0993651825125437,1.4,1.40341785260698,0.00341785260698413,48.8296870783806,-5.44382672273969e-09
10.72,0.333977741003243,0.0407900703966927,0.196950201385326,1.43750452934689,-0.0977940985251128,1.4,1.40342004633476,0.00342004633476445,48.8611627787484,-5.43947820119683e-09
10.73,0.333515095506227,0.0407973177255555,0.198800783373242,1.43773907849369,-0.0961378834381073,1.4,1.40342232733822,0.00342232733822279,48.8938735930284,-5.44296696602942e-09
10.74,0.333028985134065,0.0408048747491319,0.200745224861745,1.43798126339968,-0.0943979600342369,1.4,1.40342468776717,0.00342468776716576,48.9277072249476,-5.44394396229109e-09
10.75,0.332519817351104,0.0408127191504703,0.202781895993442,1.43823024879056,-0.0925758239314409,1.4,1.40342711972643,0.0034271197264315,48.9625508725411,-5.44400435842363e-09
10.76,0.331988019849109,0.0408208265541492,0.204909086001274,1.43848517456187,-0.0906730424314079,1.4,1.40342961530665,0.00342961530664643,48.9982914866339,-5.44220668530215e-09
10.77,0.331434040295244,0.040829170584993,0.207125004216586,1.43874515859093,-0.088691253307268,1.4,1.40343216650233,0.00343216650232514,49.0348144545683,-5.44364553434207e-09
10.78,0.330858346060273,0.0408377229729994,0.209427781156325,1.43900929959809,-0.0866321635302606,1.4,1.40343476505864,0.00343476505863927,49.0720013495835,-5.44421396853068e-09
10.79,0.330261423927446,0.0408464536904451,0.211815469687485,1.43927668009903,-0.0844975479346725,1.4,1.40343740231226,0.00343740231226031,49.1097277009266,-5.44503819810416e-09
10.8,0.329643779782486,0.0408553311064723,0.214286046267177,1.43954636948901,-0.0822892478207433,1.4,1.40344006909216,0.00344006909215677,49.1478617066658,-5.47028022879203e-09
10.81,0.329005938284516,0.0408643221486616,0.216837412258909,1.43981742728201,-0.0800091694953482,1.4,1.40344275572358,0.00344275572357589,49.186264460931,-5.49096412783001e-09
10.82,0.328348442517114,0.0408733924682818,0.219467395328367,1.4400889064984,-0.0776592827504248,1.4,1.40344545214251,0.00344545214251202,49.2247917399033,-5.48755352269836e-09
10.83,0.327671853618324,0.0408825066134381,0.222173750923383,1.44035985716387,-0.0752416192800801,1.4,1.40344814808952,0.00344814808951543,49.2632968518406,-5.49110623637716e-09
10.84,0.326976750387825,0.0408916282190369,0.224954163845231,1.44062932986246,-0.0727582710359488,1.4,1.40345083332721,0.00345083332721363,49.3016337328329,-5.49280088080195e-09
10.85,0.326263728869852,0.0409007202231268,0.227806249916974,1.44089637928135,-0.0702113885211102,1.4,1.40345349782016,0.00345349782015614,49.3396594188915,-5.49571765873225e-09
10.86,0.325533401910934,0.0409097451153514,0.230727557752499,1.44116006769652,-0.0676031790228727,1.4,1.40345613183144,0.00345613183144033,49.3772352822094,-5.49973222518929e-09
10.87,0.324786398692089,0.0409186652161715,0.233715570627733,1.44141946837292,-0.064935904784289,1.4,1.40345872592215,0.00345872592215501,49.4142268839567,-5.50333112414592e-09
10.88,0.324023364235679,0.040927442978256,0.236767708453224,1.44167366887874,-0.0622118811143315,1.4,1.403461270873,0.00346127087300419,49.45050276831,-5.50692647038886e-09
10.89,0.323244958887685,0.0409360412955117,0.239881329845053,1.44192177433458,-0.0594334744374475,1.4,1.40346375757487,0.00346375757486972,49.4859328937058,-5.51010259641771e-09
10.9,0.322451857776059,0.0409444238036895,0.24305373429141,1.44216291062521,-0.0566031002830755,1.4,1.40346617694309,0.00346617694309392,49.5203874819262,-5.51324319530977e-09
10.91,0.321644750245747,0.0409525551589275,0.246282164412513,1.44239622759317,-0.0537232212164129,1.4,1.40346851989969,0.00346851989969355,49.5537368875911,-5.51723644548474e-09
10.92,0.320824339270715,0.0409604012864099,0.249563808312493,1.44262090221441,-0.0507963447124055,1.4,1.40347077744219,0.00347077744218782,49.5858527095891,-5.5220858996563e-09
10.93,0.319991340842825,0.0409679295979664,0.252895802023904,1.44283614173161,-0.0478250209742987,1.4,1.4034729407866,0.0034729407865981,49.6166099212964,-5.52823919974799e-09
10.94,0.319146483337673,0.0409751091836902,0.256275232044366,1.44304118670129,-0.0448118406996079,1.4,1.40347500154608,0.00347500154608427,49.6458894392607,-5.5360303008456e-09
10.95,0.318290506857408,0.0409819109852146,0.259699137965279,1.44323531390228,-0.0417594327954622,1.4,1.40347695189523,0.00347695189523312,49.6735804122457,-5.54537038510716e-09
10.96,0.317424162550964,0.0409883079573447,0.263164515190908,1.44341783905854,-0.0386704620454769,1.4,1.40347878467626,0.00347878467626339,49.6995816274516,-5.55599299900678e-09
10.97,0.316548211912509,0.0409942752207408,0.266668317744579,1.44358811934536,-0.0355476267301506,1.4,1.40348049342286,0.00348049342285806,49.7238017261395,-5.57675150503201e-09
10.98,0.315663426060067,0.0409997902033965,0.2702074611542,1.44374555567937,-0.0323936562052958,1.4,1.40348207231382,0.00348207231382114,49.7461584436937,-5.58994628363507e-09
10.99,0.314770584994302,0.0410048327626994,0.273778825417113,1.44388959478832,-0.0292113084359805,1.4,1.40348351606882,0.00348351606882202,49.7665770810804,-5.5949520572085e-09
11,0.313870476840833,0.0410093852788436,0.277379258030843,1.44401973110548,-0.0260033674944935,1.4,1.40348481984909,0.00348481984908511,49.7849891180446,-5.60316593123389e-09
11.01,0.312963897077141,0.0410134327110588,0.281005577085463,1.44413550850972,-0.0227726410240504,1.4,1.40348597919973,0.00348597919973304,49.8013314703673,-5.60624968670709e-09
11.02,0.312051647744764,0.0410169626119126,0.284654574414826,1.44423652191445,-0.0195219576693967,1.4,1.40348699004881,0.00348699004880948,49.815546579021,-5.61498936235694e-09
11.03,0.311134536649111,0.0410199651011761,0.288323018797291,1.44432241871406,-0.0162541644815208,1.4,1.40348784877628,0.0034878487762755,49.8275834809902,-5.62149082838914e-09
11.04,0.310213376547327,0.0410224328049596,0.292007659204277,1.44439290005564,-0.0129721242973767,1.4,1.40348855232074,0.00348855232073797,49.8373993705739,-5.62932811476458e-09
11.05,0.309288984326551,0.0410243607727161,0.295705228087233,1.44444772191454,-0.00967871310163139,1.4,1.40348909829474,0.0034890982947382,49.8449612235362,-5.63569102496331e-09
11.06,0.308362180173277,0.0410257463800571,0.299412444700184,1.44448669593222,-0.00637681737104003,1.4,1.40348948506318,0.00348948506317792,49.850246841406,-5.6123141689568e-09
11.07,0.307433786736213,0.0410265892277505,0.303126018448291,1.44450969000057,-0.00306933140698795,1.4,1.40348971176226,0.00348971176225854,49.8532450223378,-5.62403812409684e-09
11.08,0.306504628284372,0.0410268910399726,0.306842652255509,1.44451662858987,0.000240845341122048,1.4,1.40348977825564,0.00348977825564245,49.8539548426142,-5.63625945915192e-09
11.09,0.305575529862148,0.0410266555618158,0.310559045944259,1.44450749282408,0.0035508109589362,1.4,1.40348968503332,0.00348968503331659,49.8523841591986,-5.62988589081215e-09
11.1,0.304647316443742,0.0410258884519588,0.314271899617733,1.44448232034535,0.00685766375163112,1.4,1.4034894331003,0.00348943310029859,49.8485480246155,-5.61993829251151e-09
11.11,0.303720812088356,0.0410245971659733,0.317977917039133,1.44444120499306,0.010158504927323,1.4,1.40348902388528,0.00348902388527916,49.8424674331626,-5.61599478032804e-09
11.12,0.302796839097816,0.0410227908280363,0.321673809001143,1.44438429631819,0.013450441275496,1.4,1.40348845919171,0.00348845919171081,49.834168704412,-5.61084689820746e-09
11.13,0.301876217178232,0.0410204800917313,0.325356296679331,1.44431179895137,0.0167305878365304,1.4,1.40348774120767,0.00348774120766904,49.8236837050491,-5.60057245024836e-09
11.14,0.300959762607174,0.0410176769952466,0.329022114963418,1.44422397181699,0.0199960705587046,1.4,1.4034868725596,0.00348687255960356,49.8110506680952,-5.59311885695024e-09
11.15,0.300048287407948,0.0410143948190957,0.332668015760175,1.44412112718078,0.0232440289392912,1.4,1.40348585638633,0.00348585638632892,49.7963152548492,-5.58564394737004e-09
11.16,0.299142598532619,0.0410106479553572,0.336290771261342,1.44400362950982,0.026471618646549,1.4,1.40348469639971,0.00348469639970728,49.7795313798009,-5.56945067842207e-09
11.17,0.298243497055508,0.0410064517958436,0.339887177169642,1.44387189413077,0.0296760141195306,1.4,1.40348339690607,0.00348339690607369,49.7607614441843,-5.55690959913591e-09
11.18,0.297351777378809,0.0410018226430554,0.343454055876291,1.44372638568243,0.032854411142929,1.4,1.40348196277568,0.00348196277567903,49.7400758226027,-5.550006676458e-09
11.19,0.296468226451657,0.0409967776431202,0.346988259584751,1.44356761637676,0.036004029394915,1.4,1.40348039936928,0.00348039936928335,49.7175517589919,-5.51185408426136e-09
11.2,0.295593623004338,0.0409913347372731,0.350486673373879,1.4433961440859,0.039122114963958,1.4,1.40347871243672,0.00347871243671682,49.6932719021947,-5.48610756823109e-09
11.21,0.294728736798405,0.040985512625051,0.353946218197461,1.4432125702904,0.0422059428330139,1.4,1.40347690802238,0.00347690802238065,49.667322985626,-5.47100498238251e-09
11.22,0.293874327893649,0.0409793307333174,0.357363853816341,1.44301753791516,0.0452528193282209,1.4,1.40347499240263,0.00347499240263338,49.6397949937339,-5.45686518194088e-09
11.23,0.293031145932928,0.0409728091876937,0.360736581659077,1.44281172906977,0.0482600845288505,1.4,1.40347297206715,0.00347297206715269,49.6107809658436,-5.45600542523061e-09
11.24,0.292199929445555,0.0409659687855743,0.36406144760842,1.44259586270084,0.0512251146364964,1.4,1.40347085374424,0.00347085374424005,49.5803774127903,-5.46037881576922e-09
11.25,0.291381405170417,0.0409588309729942,0.367335544708827,1.44237069214917,0.0541453243001787,1.4,1.40346864445142,0.00346864445141848,49.5486850608542,-5.47182210652863e-09
11.26,0.290576287399593,0.0409514178289777,0.370556015791976,1.44213700260075,0.0570181688959346,1.4,1.40346635154746,0.00346635154746155,49.5158095765628,-5.48249090570607e-09
11.27,0.289785277343668,0.0409437520606202,0.373720056015526,1.44189560841915,0.0598411467581937,1.4,1.40346398276019,0.00346398276019233,49.4818619131941,-5.47696643593554e-09
11.28,0.289009062519475,0.0409358570098856,0.376824915312151,1.44164735035575,0.0626118013615163,1.4,1.40346154617535,0.00346154617535355,49.4469580876389,-5.4747779643094e-09
11.29,0.288248316161169,0.0409277566701717,0.379867900745229,1.44139309264355,0.0653277234501471,1.4,1.40345905018365,0.003459050183648,49.411218368692,-5.49090728441115e-09
11.3,0.28750369665472,0.0409194757074084,0.382846378770878,1.44113371999383,0.0679865531146934,1.4,1.40345650339998,0.00345650339998405,49.3747660959456,-5.49916379100068e-09
11.31,0.286775846996296,0.040911039478591,0.385757777404426,1.44087013452068,0.0705859818130363,1.4,1.40345391457589,0.00345391457588806,49.3377264365939,-5.50543077793009e-09
11.32,0.286065394274176,0.0409024740407625,0.388599588292757,1.44060325262051,0.0731237543348284,1.4,1.40345129252845,0.00345129252845378,49.3002254086971,-5.51368017909226e-09
11.33,0.285372949174212,0.0408938061450556,0.391369368692466,1.44033400182743,0.0755976707075186,1.4,1.40344864610082,0.00344864610081541,49.2623893709238,-5.51942846982456e-09
11.34,0.284699105509099,0.0408850632127213,0.394064743352773,1.4400633176573,0.078005588041133,1.4,1.40344598415882,0.00344598415882347,49.224345025073,-5.52780932139285e-09
11.35,0.284044439770394,0.0408762732944368,0.396683406307445,1.43979214044302,0.0803454223143493,1.4,1.40344331561435,0.00344331561435007,49.1862197771558,-5.53730217234261e-09
11.36,0.283409510705067,0.0408674650140829,0.399223122568605,1.43952141215633,0.0826151500947659,1.4,1.40344064945742,0.0034406494574164,49.1481421934235,-5.54611645497971e-09
11.37,0.282794858915358,0.0408586675015463,0.401681729727293,1.43925207321009,0.084812810197211,1.4,1.4034379947759,0.00343799477589601,49.11024224891,-5.55492363218946e-09
11.38,0.282201006482348,0.0408499103170287,0.404057139459186,1.4389850592384,0.0869365052780501,1.4,1.40343536074643,0.00343536074642836,49.0726511472578,-5.56437385057507e-09
11.39,0.281628456612818,0.0408412233677596,0.406347338937158,1.43872129786055,0.0889844033656619,1.4,1.40343275659085,0.00343275659085096,49.035500647869,-5.56881829538725e-09
11.4,0.281077693310313,0.0408326368154207,0.408550392147033,1.43846170544364,0.0909547393217332,1.4,1.40343019150341,0.00343019150341117,48.9989219937965,-5.5744742155639e-09
11.41,0.280549181067199,0.0408241809722597,0.410664441119343,1.43820718388884,0.0928458162416566,1.4,1.4034276745663,0.00342767456630488,48.963044699039,-5.58504353875833e-09
11.42,0.280043364578402,0.0408158861823502,0.412687707074383,1.43795861746471,0.0946560067882387,1.4,1.40342521466992,0.00342521466992274,48.9279954305816,-5.59811041966896e-09
11.43,0.279560668476163,0.040807782685749,0.414618491483192,1.43771686971205,0.0963837544573813,1.4,1.40342282045436,0.00342282045435716,48.8938972138828,-5.61250246278178e-09
11.44,0.279101497083693,0.0407999004659494,0.416455177052922,1.43748278043782,0.0980275747800364,1.4,1.40342050028051,0.00342050028050966,48.8608690647771,-5.62367930001528e-09
11.45,0.278666234187872,0.0407922690827982,0.418196228636061,1.43725716280737,0.0995860564573429,1.4,1.4034182622283,0.00341826222829833,48.8290259969144,-5.64341462450102e-09
11.46,0.278255242830083,0.0407849174958383,0.419840194067069,1.43704080053641,0.101057862430314,1.4,1.40341611410949,0.00341611410949105,48.7984792154983,-5.66097213550165e-09
11.47,0.277868865114596,0.0407778738839657,0.42138570492887,1.43683444518057,0.10244173088485,1.4,1.40341406347902,0.00341406347902118,48.769336264384,-5.67470337387022e-09
11.48,0.277507422034026,0.0407711654669926,0.422831477251001,1.43663881352119,0.10373647619241,1.4,1.4034121176294,0.00341211762940485,48.7417009131149,-5.68448399462795e-09
11.49,0.277171213311429,0.0407648183335922,0.424176312141241,1.43645458505221,0.104940989786177,1.4,1.4034102835611,0.00341028356109829,48.7156726943978,-5.70194202964558e-09
11.5,0.276860517257852,0.0407588572780011,0.425419096355401,1.43628239957704,0.106054240974765,1.4,1.40340856792822,0.00340856792821675,48.691346098103,-5.72140734789173e-09
11.51,0.276575590644561,0.0407533056460149,0.426558802808419,1.4361228549331,0.107075277693227,1.4,1.4034069769702,0.00340697697019809,48.6688095839789,-5.74367575723045e-09
11.52,0.276316668588731,0.0407481851896824,0.427594491031593,1.4359765048638,0.108003227192449,1.4,1.40340551644339,0.00340551644338594,48.6481446164796,-5.76968162135927e-09
11.53,0.276083964451631,0.0407435159301122,0.428525307579843,1.43584385705911,0.108837296666944,1.4,1.40340419156884,0.00340419156883831,48.6294249508605,-5.7978297718364e-09
11.54,0.275877669748155,0.0407393160285265,0.429350486393601,1.43572537137765,0.109576773822476,1.4,1.4034030070039,0.00340300700390039,48.6127162670769,-5.82183901087774e-09
11.55,0.275697954067035,0.0407356016673724,0.430069349117933,1.43562145825895,0.110221027383705,1.4,1.40340196683957,0.00340196683957261,48.5980761678864,-5.84298120998028e-09
11.56,0.275544965001234,0.0407323869446249,0.43068130538099,1.43553247732672,0.110769507542477,1.4,1.40340107461706,0.00340107461705808,48.5855544359522,-5.86706150329519e-09
11.57,0.275418828088271,0.0407296837854908,0.431185853032696,1.43545873618062,0.111221746346861,1.4,1.40340033335291,0.00340033335291046,48.5751933931558,-5.87571591381675e-09
11.58,0.275319646760104,0.0407275018751704,0.431582578345215,1.43540048936716,0.111577358032305,1.4,1.40339974555627,0.00339974555627021,48.5670281286941,-5.90447513104664e-09
11.59,0.275247502302416,0.0407258486152435,0.431871156175822,1.4353579375263,0.111836039295072,1.4,1.40339931322952,0.00339931322951892,48.5610864804166,-5.91498761082221e-09
11.6,0.275202453823163,0.0407247291049702,0.432051350092685,1.4353312267176,0.111997569507491,1.4,1.40339903785214,0.00339903785214291,48.5573887785725,-5.916682255247e-09
11.61,0.275184538229819,0.04072414614574,0.432123012465913,1.43532044792692,0.112061810876287,1.4,1.4033989203492,0.00339892034919642,48.5559473814411,-5.92319437942024e-09
11.62,0.27519377021508,0.0407241002665284,0.432086084524725,1.43532563676657,0.112028708543091,1.4,1.40339896105766,0.0033989610576608,48.5567661989766,-5.93090376810324e-09
11.63,0.275230142250669,0.0407245897667637,0.431940596382219,1.43534677337921,0.111898290627,1.4,1.40339915970406,0.00339915970406124,48.5598403939605,-5.94787863406054e-09
11.64,0.275293624588645,0.0407256107727447,0.43168666703017,1.43538378254075,0.111670668211265,1.4,1.40339951539232,0.00339951539232008,48.565156238823,-5.9672089491869e-09
11.65,0.275384165270802,0.0407271573067914,0.431324504301394,1.43543653397959,0.111346035270537,1.4,1.40340002661964,0.00340002661963967,48.5726913760683,-5.98018701225556e-09
11.66,0.275501690146001,0.0407292213668768,0.43085440480045,1.43550484289852,0.110924668540507,1.4,1.40340069131004,0.0034006913100364,48.5824153199586,-5.99388982891469e-09
11.67,0.275646102895946,0.0407317930170559,0.430276753800521,1.43558847069035,0.110406927329225,1.4,1.40340150685716,0.00340150685716245,48.5942900753552,-6.01306382463918e-09
11.68,0.275817285070055,0.0407348604889892,0.429592025103938,1.43568712583703,0.109793253269303,1.4,1.40340247016746,0.00340247016745621,48.6082707449513,-6.02808114535947e-09
11.69,0.276015096129928,0.0407384102941566,0.428800780864302,1.43580046497795,0.109084170011047,1.4,1.40340357769187,0.00340357769186528,48.624305961197,-6.0373253063517e-09
11.7,0.276239373504052,0.0407424273456546,0.427903671367657,1.43592809413989,0.108280282855629,1.4,1.40340482544223,0.00340482544222698,48.6423380962053,-6.05238881234982e-09
11.71,0.276489932653218,0.0407468950868832,0.426901434770847,1.43606957012357,0.107382278327826,1.4,1.40340620899325,0.00340620899325406,48.6623032721481,-6.06905814493075e-09
11.72,0.276766567147049,0.040751795623421,0.425794896795373,1.43622440204595,0.106390923687715,1.4,1.40340772347649,0.00340772347648555,48.6841312695618,-6.08434902460431e-09
11.73,0.277069048752105,0.0407571098538874,0.424584970375004,1.43639205303929,0.10530706638063,1.4,1.40340936357585,0.00340936357585009,48.7077454731773,-6.09772143889131e-09
11.74,0.277397127531876,0.040762817595928,0.423272655255771,1.43657194210562,0.104131633425386,1.4,1.40341112353196,0.00341112353196293,48.7330629539538,-6.13064088383908e-09
11.75,0.277750531959482,0.0407688977043131,0.421859037545201,1.43676344612685,0.102865630739312,1.4,1.40341299716355,0.00341299716355037,48.7599948003606,-6.16311268686331e-09
11.76,0.278128969043849,0.0407753281793556,0.420345289207586,1.43696590202315,0.101510142399374,1.4,1.4034149779061,0.00341497790610368,48.7884466903916,-6.18890183545773e-09
11.77,0.278532124469864,0.040782086265914,0.418732667503376,1.4371786090429,0.100066329840791,1.4,1.40341705885689,0.00341705885689492,48.8183195434539,-6.20318374444651e-09
11.78,0.278959662753723,0.0407891485434974,0.417022514367793,1.43740083117446,0.098535430991335,1.4,1.40341923282285,0.0034192328228535,48.8495102002479,-6.22188167653803e-09
11.79,0.279411227414553,0.0407964910083733,0.415216255724327,1.43763179966565,0.096918759340462,1.4,1.40342149236282,0.00342149236282152,48.8819120101239,-6.24235596546896e-09
11.8,0.279886441162756,0.0408040891487597,0.413315400731368,1.43787071563481,0.0952177029447441,1.4,1.40342382981503,0.00342382981502998,48.9154152023808,-6.25138341092679e-09
11.81,0.280384906106009,0.0408119180130196,0.411321540958209,1.43811675276702,0.0934337233685119,1.4,1.40342623731115,0.00342623731114577,48.9499070680203,-6.26465634923079e-09
11.82,0.280906203973849,0.0408199522701257,0.409236349486702,1.43836906009086,0.0915683545584879,1.4,1.40342870678132,0.00342870678132146,48.9852720212745,-6.28136831437587e-09
11.83,0.281449896360854,0.0408281662616235,0.407061579938536,1.43862676483063,0.0896232016544943,1.4,1.40343122995489,0.00343122995489065,49.0213916111037,-6.29514573802226e-09
11.84,0.282015524989446,0.0408365340440182,0.40479906542402,1.43888897533388,0.0875999397343568,1.4,1.40343379836677,0.00343379836677027,49.0581446249468,-6.30607388529825e-09
11.85,0.282602611992543,0.0408450294215818,0.402450717411483,1.43915478406908,0.0855003124944678,1.4,1.40343640337383,0.00343640337382811,49.0954073408516,-6.31370156156663e-09
11.86,0.28321066021576,0.0408536259707429,0.400018524518468,1.43942327068442,0.0833261308695682,1.4,1.4034390361813,0.0034390361813017,49.1330539245835,-6.31806784667788e-09
11.87,0.283839153543303,0.0408622970564472,0.397504551208149,1.43969350512841,0.0810792715788735,1.4,1.40344168788817,0.00344168788816712,49.1709570885437,-6.32098107189449e-09
11.88,0.28448755724398,0.0408710158456669,0.394910936405296,1.43996455080369,0.0787616756150916,1.4,1.40344434952966,0.00344434952966233,49.2089886983998,-6.32477181738977e-09
11.89,0.285155318338785,0.0408797553207481,0.392239892025927,1.44023546774356,0.0763753466733814,1.4,1.40344701211414,0.003447012114141,49.2470202913614,-6.32987706694621e-09
11.9,0.285841865993025,0.0408884882941368,0.389493701408821,1.4405053158068,0.0739223495115223,1.4,1.40344966665772,0.00344966665772506,49.2849235565178,-6.33368202329621e-09
11.91,0.286546611930838,0.0408971874278906,0.386674717657421,1.44077315787135,0.0714048082513273,1.4,1.4034523042061,0.00345230420609877,49.322570629932,-6.33736618738112e-09
11.92,0.28726895087326,0.0409058252592936,0.383785361887583,1.44103806302029,0.0688249046187318,1.4,1.40345491584615,0.00345491584614654,49.359834250104,-6.34015862033266e-09
11.93,0.288008261000014,0.040914374232764,0.380828121380421,1.4412991097162,0.0661848761229911,1.4,1.40345749271435,0.00345749271435092,49.3965878759743,-6.34370067587042e-09
11.94,0.288763904434573,0.0409228067383594,0.377805547642039,1.44155538895773,0.063487014177726,1.4,1.403460026007,0.0034600260070019,49.4327058405359,-6.34767260976332e-09
11.95,0.289535227753214,0.040931095157133,0.374720254367329,1.44180600741287,0.0607336621622934,1.4,1.40346250699717,0.00346250699716766,49.4680636074217,-6.35819574767993e-09
11.96,0.290321562516768,0.0409392119133961,0.371574915312963,1.44205009052268,0.0579272134289489,1.4,1.40346492706369,0.00346492706369195,49.5025382017015,-6.3714402642745e-09
11.97,0.291122225826619,0.040947129535389,0.368372262073412,1.44228678556273,0.0550701092513936,1.4,1.40346727772861,0.00346727772860866,49.5360087564393,-6.38522834606192e-09
11.98,0.291936520903496,0.0409548207254216,0.365115081765755,1.44251526465016,0.0521648367206478,1.4,1.40346955070083,0.00346955070082799,49.5683571416791,-6.40102015836419e-09
11.99,0.292763737689142,0.0409622584409498,0.361806214623025,1.44273472768149,0.0492139265886662,1.4,1.4034717379206,0.00347173792060507,49.5994685962646,-6.41837161197145e-09
12,0.293603153470597,0.0409694159876972,0.358448551497059,1.44294440518649,0.0462199510608936,1.4,1.40347383159935,0.00347383159935233,49.6292322860109,-6.43134612232643e-09
